year,site,hive,colony type,date,month,day,julian,ndays,totdays,dead,deadperday,avgdead,mortality,,,,,,,,,,,,,,,
2013,CH,2013CH31,full,429,4,29,4,4,4,26,6.5,28.36170213,-0.770817704,,,,,,,,,,,,,,,
2013,CH,2013CH31,full,502,5,2,7,3,7,87,29,28.36170213,0.022505626,,,,,,,,,,,,,,,
2013,CH,2013CH31,full,506,5,6,11,4,11,67,16.75,28.36170213,-0.409414854,,,,,,,,,,,,,,,
2013,CH,2013CH31,full,509,5,9,14,3,14,160,53.33333333,28.36170213,0.880470118,,,,,,,,,,,,,,,
2013,CH,2013CH31,full,513,5,13,18,4,18,205,51.25,28.36170213,0.807014254,,,,,,,,,,,,,,,
2013,CH,2013CH31,full,516,5,16,21,3,21,190,63.33333333,28.36170213,1.233058265,,,,,,,,,,,,,,,
2013,CH,2013CH31,full,520,5,20,25,4,25,138,34.5,28.36170213,0.216429107,,,,,,,,,,,,,,,
2013,CH,2013CH31,full,524,5,24,29,4,29,90,22.5,28.36170213,-0.206676669,,,,,,,,,,,,,,,
2013,CH,2013CH31,full,527,5,27,32,3,32,50,16.66666667,28.36170213,-0.412353088,,,,,,,,,,,,,,,
2013,CH,2013CH31,full,531,5,31,36,4,36,100,25,28.36170213,-0.118529632,,,,,,,,,,,,,,,
2013,CH,2013CH31,full,604,6,4,40,4,40,42,10.5,28.36170213,-0.629782446,,,,,,,,,,,,,,,
2013,CH,2013CH31,full,608,6,8,44,4,44,130,32.5,28.36170213,0.145911478,,,,,,,,,,,,,,,
2013,CH,2013CH31,full,611,6,11,47,3,47,48,16,28.36170213,-0.435858965,,,,,,,,,,,,,,,
2013,CH,2013CH32,full,429,4,29,4,4,4,21,5.25,29.5106383,-0.822098053,,,,,,,,,,,,,,,
2013,CH,2013CH32,full,502,5,2,7,3,7,12,4,29.5106383,-0.86445566,,,,,,,,,,,,,,,
2013,CH,2013CH32,full,506,5,6,11,4,11,6,1.5,29.5106383,-0.949170872,,,,,,,,,,,,,,,
2013,CH,2013CH32,full,509,5,9,14,3,14,140,46.66666667,29.5106383,0.581350637,,,,,,,,,,,,,,,
2013,CH,2013CH32,full,513,5,13,18,4,18,186,46.5,29.5106383,0.575702956,,,,,,,,,,,,,,,
2013,CH,2013CH32,full,516,5,16,21,3,21,70,23.33333333,29.5106383,-0.209324682,,,,,,,,,,,,,,,
2013,CH,2013CH32,full,520,5,20,25,4,25,176,44,29.5106383,0.490987743,,,,,,,,,,,,,,,
2013,CH,2013CH32,full,524,5,24,29,4,29,165,41.25,29.5106383,0.397801009,,,,,,,,,,,,,,,
2013,CH,2013CH32,full,527,5,27,32,3,32,108,36,29.5106383,0.219899063,,,,,,,,,,,,,,,
2013,CH,2013CH32,full,531,5,31,36,4,36,125,31.25,29.5106383,0.058940159,,,,,,,,,,,,,,,
2013,CH,2013CH32,full,604,6,4,40,4,40,138,34.5,29.5106383,0.169069935,,,,,,,,,,,,,,,
2013,CH,2013CH32,full,608,6,8,44,4,44,165,41.25,29.5106383,0.397801009,,,,,,,,,,,,,,,
2013,CH,2013CH32,full,611,6,11,47,3,47,75,25,29.5106383,-0.152847873,,,,,,,,,,,,,,,
2013,CH,2013CH35,package,429,4,29,4,4,4,29,7.25,16.04255319,-0.548076923,,,,,,,,,,,,,,,
2013,CH,2013CH35,package,502,5,2,7,3,7,55,18.33333333,16.04255319,0.142793988,,,,,,,,,,,,,,,
2013,CH,2013CH35,package,506,5,6,11,4,11,47,11.75,16.04255319,-0.267572944,,,,,,,,,,,,,,,
2013,CH,2013CH35,package,509,5,9,14,3,14,77,25.66666667,16.04255319,0.599911583,,,,,,,,,,,,,,,
2013,CH,2013CH35,package,513,5,13,18,4,18,25,6.25,16.04255319,-0.610411141,,,,,,,,,,,,,,,
2013,CH,2013CH35,package,516,5,16,21,3,21,25,8.333333333,16.04255319,-0.480548187,,,,,,,,,,,,,,,
2013,CH,2013CH35,package,520,5,20,25,4,25,61,15.25,16.04255319,-0.049403183,,,,,,,,,,,,,,,
2013,CH,2013CH35,package,524,5,24,29,4,29,272,68,16.04255319,3.23872679,,,,,,,,,,,,,,,
2013,CH,2013CH35,package,527,5,27,32,3,32,17,5.666666667,16.04255319,-0.646772767,,,,,,,,,,,,,,,
2013,CH,2013CH35,package,531,5,31,36,4,36,29,7.25,16.04255319,-0.548076923,,,,,,,,,,,,,,,
2013,CH,2013CH35,package,604,6,4,40,4,40,37,9.25,16.04255319,-0.423408488,,,,,,,,,,,,,,,
2013,CH,2013CH35,package,608,6,8,44,4,44,50,12.5,16.04255319,-0.220822281,,,,,,,,,,,,,,,
2013,CH,2013CH35,package,611,6,11,47,3,47,30,10,16.04255319,-0.376657825,,,,,,,,,,,,,,,
2013,CH,2013CH36,package,429,4,29,4,4,4,40,10,22.44680851,-0.55450237,,,,,,,,,,,,,,,
2013,CH,2013CH36,package,502,5,2,7,3,7,16,5.333333333,22.44680851,-0.762401264,,,,,,,,,,,,,,,
2013,CH,2013CH36,package,506,5,6,11,4,11,52,13,22.44680851,-0.420853081,,,,,,,,,,,,,,,
2013,CH,2013CH36,package,509,5,9,14,3,14,260,86.66666667,22.44680851,2.860979463,,,,,,,,,,,,,,,
2013,CH,2013CH36,package,513,5,13,18,4,18,165,41.25,22.44680851,0.837677725,,,,,,,,,,,,,,,
2013,CH,2013CH36,package,516,5,16,21,3,21,60,20,22.44680851,-0.109004739,,,,,,,,,,,,,,,
2013,CH,2013CH36,package,520,5,20,25,4,25,113,28.25,22.44680851,0.258530806,,,,,,,,,,,,,,,
2013,CH,2013CH36,package,524,5,24,29,4,29,100,25,22.44680851,0.113744076,,,,,,,,,,,,,,,
2013,CH,2013CH36,package,527,5,27,32,3,32,32,10.66666667,22.44680851,-0.524802528,,,,,,,,,,,,,,,
2013,CH,2013CH36,package,531,5,31,36,4,36,52,13,22.44680851,-0.420853081,,,,,,,,,,,,,,,
2013,CH,2013CH36,package,604,6,4,40,4,40,72,18,22.44680851,-0.198104265,,,,,,,,,,,,,,,
2013,CH,2013CH36,package,608,6,8,44,4,44,65,16.25,22.44680851,-0.276066351,,,,,,,,,,,,,,,
2013,CH,2013CH36,package,611,6,11,47,3,47,28,9.333333333,22.44680851,-0.584202212,,,,,,,,,,,,,,,
2013,FSR,2013FSR21,full,429,4,29,4,4,4,134,33.5,163.1914894,-0.794719687,,,,,,,,,,,,,,,
2013,FSR,2013FSR21,full,502,5,2,7,3,7,280,93.33333333,163.1914894,-0.42807475,,,,,,,,,,,,,,,
2013,FSR,2013FSR21,full,506,5,6,11,4,11,250,62.5,163.1914894,-0.617014342,,,,,,,,,,,,,,,
2013,FSR,2013FSR21,full,509,5,9,14,3,14,260,86.66666667,163.1914894,-0.468926554,,,,,,,,,,,,,,,
2013,FSR,2013FSR21,full,513,5,13,18,4,18,620,155,163.1914894,-0.050195567,,,,,,,,,,,,,,,
2013,FSR,2013FSR21,full,516,5,16,21,3,21,418,139.3333333,163.1914894,-0.146197306,,,,,,,,,,,,,,,
2013,FSR,2013FSR21,full,520,5,20,25,4,25,1011,252.75,163.1914894,0.548794003,,,,,,,,,,,,,,,
2013,FSR,2013FSR21,full,524,5,24,29,4,29,776,194,163.1914894,0.188787484,,,,,,,,,,,,,,,
2013,FSR,2013FSR21,full,527,5,27,32,3,32,890,296.6666667,163.1914894,0.817905259,,,,,,,,,,,,,,,
2013,FSR,2013FSR21,full,531,5,31,36,4,36,946,236.5,163.1914894,0.449217731,,,,,,,,,,,,,,,
2013,FSR,2013FSR21,full,604,6,4,40,4,40,773,193.25,163.1914894,0.184191656,,,,,,,,,,,,,,,
2013,FSR,2013FSR21,full,608,6,8,44,4,44,792,198,163.1914894,0.213298566,,,,,,,,,,,,,,,
2013,FSR,2013FSR21,full,611,6,11,47,3,47,520,173.3333333,163.1914894,0.062146893,,,,,,,,,,,,,,,
2013,FSR,2013FSR22,full,429,4,29,4,4,4,91,22.75,73.72340426,-0.691414141,,,,,,,,,,,,,,,
2013,FSR,2013FSR22,full,502,5,2,7,3,7,70,23.33333333,73.72340426,-0.683501684,,,,,,,,,,,,,,,
2013,FSR,2013FSR22,full,506,5,6,11,4,11,180,45,73.72340426,-0.38961039,,,,,,,,,,,,,,,
2013,FSR,2013FSR22,full,509,5,9,14,3,14,280,93.33333333,73.72340426,0.265993266,,,,,,,,,,,,,,,
2013,FSR,2013FSR22,full,513,5,13,18,4,18,485,121.25,73.72340426,0.644660895,,,,,,,,,,,,,,,
2013,FSR,2013FSR22,full,516,5,16,21,3,21,285,95,73.72340426,0.288600289,,,,,,,,,,,,,,,
2013,FSR,2013FSR22,full,520,5,20,25,4,25,327,81.75,73.72340426,0.108874459,,,,,,,,,,,,,,,
2013,FSR,2013FSR22,full,524,5,24,29,4,29,370,92.5,73.72340426,0.254689755,,,,,,,,,,,,,,,
2013,FSR,2013FSR22,full,527,5,27,32,3,32,370,123.3333333,73.72340426,0.672919673,,,,,,,,,,,,,,,
2013,FSR,2013FSR22,full,531,5,31,36,4,36,230,57.5,73.72340426,-0.22005772,,,,,,,,,,,,,,,
2013,FSR,2013FSR22,full,604,6,4,40,4,40,350,87.5,73.72340426,0.186868687,,,,,,,,,,,,,,,
2013,FSR,2013FSR22,full,608,6,8,44,4,44,232,58,73.72340426,-0.213275613,,,,,,,,,,,,,,,
2013,FSR,2013FSR22,full,611,6,11,47,3,47,195,65,73.72340426,-0.118326118,,,,,,,,,,,,,,,
2013,FSR,2013FSR25,package,429,4,29,4,4,4,14,3.5,12.29787234,-0.715397924,,,,,,,,,,,,,,,
2013,FSR,2013FSR25,package,502,5,2,7,3,7,129,43,12.29787234,2.496539792,,,,,,,,,,,,,,,
2013,FSR,2013FSR25,package,506,5,6,11,4,11,85,21.25,12.29787234,0.727941176,,,,,,,,,,,,,,,
2013,FSR,2013FSR25,package,509,5,9,14,3,14,72,24,12.29787234,0.951557093,,,,,,,,,,,,,,,
2013,FSR,2013FSR25,package,513,5,13,18,4,18,140,35,12.29787234,1.846020761,,,,,,,,,,,,,,,
2013,FSR,2013FSR25,package,516,5,16,21,3,21,30,10,12.29787234,-0.186851211,,,,,,,,,,,,,,,
2013,FSR,2013FSR25,package,520,5,20,25,4,25,14,3.5,12.29787234,-0.715397924,,,,,,,,,,,,,,,
2013,FSR,2013FSR25,package,524,5,24,29,4,29,27,6.75,12.29787234,-0.451124567,,,,,,,,,,,,,,,
2013,FSR,2013FSR25,package,527,5,27,32,3,32,20,6.666666667,12.29787234,-0.457900807,,,,,,,,,,,,,,,
2013,FSR,2013FSR25,package,531,5,31,36,4,36,10,2.5,12.29787234,-0.796712803,,,,,,,,,,,,,,,
2013,FSR,2013FSR25,package,604,6,4,40,4,40,14,3.5,12.29787234,-0.715397924,,,,,,,,,,,,,,,
2013,FSR,2013FSR25,package,608,6,8,44,4,44,15,3.75,12.29787234,-0.695069204,,,,,,,,,,,,,,,
2013,FSR,2013FSR25,package,611,6,11,47,3,47,8,2.666666667,12.29787234,-0.783160323,,,,,,,,,,,,,,,
2013,FSR,2013FSR26,package,429,4,29,4,4,4,28,7,4.957446809,0.412017167,,,,,,,,,,,,,,,
2013,FSR,2013FSR26,package,502,5,2,7,3,7,32,10.66666667,4.957446809,1.151645207,,,,,,,,,,,,,,,
2013,FSR,2013FSR26,package,506,5,6,11,4,11,9,2.25,4.957446809,-0.546137339,,,,,,,,,,,,,,,
2013,FSR,2013FSR26,package,509,5,9,14,3,14,9,3,4.957446809,-0.394849785,,,,,,,,,,,,,,,
2013,FSR,2013FSR26,package,513,5,13,18,4,18,32,8,4.957446809,0.613733906,,,,,,,,,,,,,,,
2013,FSR,2013FSR26,package,516,5,16,21,3,21,11,3.666666667,4.957446809,-0.26037196,,,,,,,,,,,,,,,
2013,FSR,2013FSR26,package,520,5,20,25,4,25,6,1.5,4.957446809,-0.697424893,,,,,,,,,,,,,,,
2013,FSR,2013FSR26,package,524,5,24,29,4,29,6,1.5,4.957446809,-0.697424893,,,,,,,,,,,,,,,
2013,FSR,2013FSR26,package,527,5,27,32,3,32,10,3.333333333,4.957446809,-0.327610873,,,,,,,,,,,,,,,
2013,FSR,2013FSR26,package,531,5,31,36,4,36,6,1.5,4.957446809,-0.697424893,,,,,,,,,,,,,,,
2013,FSR,2013FSR26,package,604,6,4,40,4,40,16,4,4.957446809,-0.193133047,,,,,,,,,,,,,,,
2013,FSR,2013FSR26,package,608,6,8,44,4,44,48,12,4.957446809,1.420600858,,,,,,,,,,,,,,,
2013,FSR,2013FSR26,package,611,6,11,47,3,47,20,6.666666667,4.957446809,0.344778255,,,,,,,,,,,,,,,
2013,WB,2013WB11,full,429,4,29,4,4,4,41,10.25,16.68085106,-0.385522959,,,,,,,,,,,,,,,
2013,WB,2013WB11,full,502,5,2,7,3,7,15,5,16.68085106,-0.700255102,,,,,,,,,,,,,,,
2013,WB,2013WB11,full,506,5,6,11,4,11,100,25,16.68085106,0.49872449,,,,,,,,,,,,,,,
2013,WB,2013WB11,full,509,5,9,14,3,14,150,50,16.68085106,1.99744898,,,,,,,,,,,,,,,
2013,WB,2013WB11,full,513,5,13,18,4,18,175,43.75,16.68085106,1.622767857,,,,,,,,,,,,,,,
2013,WB,2013WB11,full,516,5,16,21,3,21,99,33,16.68085106,0.978316327,,,,,,,,,,,,,,,
2013,WB,2013WB11,full,520,5,20,25,4,25,48,12,16.68085106,-0.280612245,,,,,,,,,,,,,,,
2013,WB,2013WB11,full,524,5,24,29,4,29,17,4.25,16.68085106,-0.745216837,,,,,,,,,,,,,,,
2013,WB,2013WB11,full,527,5,27,32,3,32,36,12,16.68085106,-0.280612245,,,,,,,,,,,,,,,
2013,WB,2013WB11,full,531,5,31,36,4,36,20,5,16.68085106,-0.700255102,,,,,,,,,,,,,,,
2013,WB,2013WB11,full,604,6,4,40,4,40,17,4.25,16.68085106,-0.745216837,,,,,,,,,,,,,,,
2013,WB,2013WB11,full,608,6,8,44,4,44,38,9.5,16.68085106,-0.430484694,,,,,,,,,,,,,,,
2013,WB,2013WB11,full,611,6,11,47,3,47,28,9.333333333,16.68085106,-0.44047619,,,,,,,,,,,,,,,
2013,WB,2013WB12,full,429,4,29,4,4,4,15,3.75,21.27659574,-0.82375,,,,,,,,,,,,,,,
2013,WB,2013WB12,full,502,5,2,7,3,7,35,11.66666667,21.27659574,-0.451666667,,,,,,,,,,,,,,,
2013,WB,2013WB12,full,506,5,6,11,4,11,62,15.5,21.27659574,-0.2715,,,,,,,,,,,,,,,
2013,WB,2013WB12,full,509,5,9,14,3,14,80,26.66666667,21.27659574,0.253333333,,,,,,,,,,,,,,,
2013,WB,2013WB12,full,513,5,13,18,4,18,125,31.25,21.27659574,0.46875,,,,,,,,,,,,,,,
2013,WB,2013WB12,full,516,5,16,21,3,21,160,53.33333333,21.27659574,1.506666667,,,,,,,,,,,,,,,
2013,WB,2013WB12,full,520,5,20,25,4,25,90,22.5,21.27659574,0.0575,,,,,,,,,,,,,,,
2013,WB,2013WB12,full,524,5,24,29,4,29,82,20.5,21.27659574,-0.0365,,,,,,,,,,,,,,,
2013,WB,2013WB12,full,527,5,27,32,3,32,55,18.33333333,21.27659574,-0.138333333,,,,,,,,,,,,,,,
2013,WB,2013WB12,full,531,5,31,36,4,36,60,15,21.27659574,-0.295,,,,,,,,,,,,,,,
2013,WB,2013WB12,full,604,6,4,40,4,40,38,9.5,21.27659574,-0.5535,,,,,,,,,,,,,,,
2013,WB,2013WB12,full,608,6,8,44,4,44,98,24.5,21.27659574,0.1515,,,,,,,,,,,,,,,
2013,WB,2013WB12,full,611,6,11,47,3,47,100,33.33333333,21.27659574,0.566666667,,,,,,,,,,,,,,,
2013,WB,2013WB15,package,429,4,29,4,4,4,60,15,12.36170213,0.213425129,,,,,,,,,,,,,,,
2013,WB,2013WB15,package,502,5,2,7,3,7,61,20.33333333,12.36170213,0.644865175,,,,,,,,,,,,,,,
2013,WB,2013WB15,package,506,5,6,11,4,11,45,11.25,12.36170213,-0.089931153,,,,,,,,,,,,,,,
2013,WB,2013WB15,package,509,5,9,14,3,14,50,16.66666667,12.36170213,0.348250143,,,,,,,,,,,,,,,
2013,WB,2013WB15,package,513,5,13,18,4,18,92,23,12.36170213,0.860585198,,,,,,,,,,,,,,,
2013,WB,2013WB15,package,516,5,16,21,3,21,120,40,12.36170213,2.235800344,,,,,,,,,,,,,,,
2013,WB,2013WB15,package,520,5,20,25,4,25,38,9.5,12.36170213,-0.231497418,,,,,,,,,,,,,,,
2013,WB,2013WB15,package,524,5,24,29,4,29,22,5.5,12.36170213,-0.555077453,,,,,,,,,,,,,,,
2013,WB,2013WB15,package,527,5,27,32,3,32,20,6.666666667,12.36170213,-0.460699943,,,,,,,,,,,,,,,
2013,WB,2013WB15,package,531,5,31,36,4,36,18,4.5,12.36170213,-0.635972461,,,,,,,,,,,,,,,
2013,WB,2013WB15,package,604,6,4,40,4,40,12,3,12.36170213,-0.757314974,,,,,,,,,,,,,,,
2013,WB,2013WB15,package,608,6,8,44,4,44,33,8.25,12.36170213,-0.332616179,,,,,,,,,,,,,,,
2013,WB,2013WB15,package,611,6,11,47,3,47,10,3.333333333,12.36170213,-0.730349971,,,,,,,,,,,,,,,
2013,WB,2013WB16,package,429,4,29,4,4,4,40,10,6.340425532,0.577181208,,,,,,,,,,,,,,,
2013,WB,2013WB16,package,502,5,2,7,3,7,56,18.66666667,6.340425532,1.944071588,,,,,,,,,,,,,,,
2013,WB,2013WB16,package,506,5,6,11,4,11,80,20,6.340425532,2.154362416,,,,,,,,,,,,,,,
2013,WB,2013WB16,package,509,5,9,14,3,14,23,7.666666667,6.340425532,0.20917226,,,,,,,,,,,,,,,
2013,WB,2013WB16,package,513,5,13,18,4,18,22,5.5,6.340425532,-0.132550336,,,,,,,,,,,,,,,
2013,WB,2013WB16,package,516,5,16,21,3,21,11,3.666666667,6.340425532,-0.421700224,,,,,,,,,,,,,,,
2013,WB,2013WB16,package,520,5,20,25,4,25,8,2,6.340425532,-0.684563758,,,,,,,,,,,,,,,
2013,WB,2013WB16,package,524,5,24,29,4,29,9,2.25,6.340425532,-0.645134228,,,,,,,,,,,,,,,
2013,WB,2013WB16,package,527,5,27,32,3,32,10,3.333333333,6.340425532,-0.474272931,,,,,,,,,,,,,,,
2013,WB,2013WB16,package,531,5,31,36,4,36,10,2.5,6.340425532,-0.605704698,,,,,,,,,,,,,,,
2013,WB,2013WB16,package,604,6,4,40,4,40,9,2.25,6.340425532,-0.645134228,,,,,,,,,,,,,,,
2013,WB,2013WB16,package,608,6,8,44,4,44,18,4.5,6.340425532,-0.290268456,,,,,,,,,,,,,,,
2013,WB,2013WB16,package,611,6,11,47,3,47,2,0.666666667,6.340425532,-0.894854586,,,,,,,,,,,,,,,
2014,CH,2014CH31,full,427,4,27,2,3,3,52,17.33333333,35.57575758,-0.512776831,,,,,,,,,,,,,,,
2014,CH,2014CH31,full,503,5,3,8,3,6,66,22,35.57575758,-0.381601363,,,,,,,,,,,,,,,
2014,CH,2014CH31,full,505,5,5,10,2,8,75,37.5,35.57575758,0.054088586,,,,,,,,,,,,,,,
2014,CH,2014CH31,full,507,5,7,12,2,10,42,21,35.57575758,-0.409710392,,,,,,,,,,,,,,,
2014,CH,2014CH31,full,509,5,9,14,2,12,63,31.5,35.57575758,-0.114565588,,,,,,,,,,,,,,,
2014,CH,2014CH31,full,511,5,11,16,2,14,61,30.5,35.57575758,-0.142674617,,,,,,,,,,,,,,,
2014,CH,2014CH31,full,513,5,13,18,2,16,38,19,35.57575758,-0.46592845,,,,,,,,,,,,,,,
2014,CH,2014CH31,full,522,5,22,27,3,19,176,58.66666667,35.57575758,0.649063032,,,,,,,,,,,,,,,
2014,CH,2014CH31,full,524,5,24,29,2,21,145,72.5,35.57575758,1.0379046,,,,,,,,,,,,,,,
2014,CH,2014CH31,full,526,5,26,31,2,23,120,60,35.57575758,0.686541738,,,,,,,,,,,,,,,
2014,CH,2014CH31,full,530,5,30,35,4,27,95,23.75,35.57575758,-0.332410562,,,,,,,,,,,,,,,
2014,CH,2014CH31,full,603,6,3,39,4,31,171,42.75,35.57575758,0.201660988,,,,,,,,,,,,,,,
2014,CH,2014CH31,full,605,6,5,41,2,33,70,35,35.57575758,-0.016183986,,,,,,,,,,,,,,,
2014,CH,2014CH32,full,427,4,27,2,3,3,9,3,33.87878788,-0.911449016,,,,,,,,,,,,,,,
2014,CH,2014CH32,full,503,5,3,8,3,6,26,8.666666667,33.87878788,-0.744186047,,,,,,,,,,,,,,,
2014,CH,2014CH32,full,505,5,5,10,2,8,30,15,33.87878788,-0.557245081,,,,,,,,,,,,,,,
2014,CH,2014CH32,full,507,5,7,12,2,10,36,18,33.87878788,-0.468694097,,,,,,,,,,,,,,,
2014,CH,2014CH32,full,509,5,9,14,2,12,38,19,33.87878788,-0.439177102,,,,,,,,,,,,,,,
2014,CH,2014CH32,full,511,5,11,16,2,14,17,8.5,33.87878788,-0.749105546,,,,,,,,,,,,,,,
2014,CH,2014CH32,full,513,5,13,18,2,16,39,19.5,33.87878788,-0.424418605,,,,,,,,,,,,,,,
2014,CH,2014CH32,full,522,5,22,27,3,19,237,79,33.87878788,1.331842576,,,,,,,,,,,,,,,
2014,CH,2014CH32,full,524,5,24,29,2,21,207,103.5,33.87878788,2.055008945,,,,,,,,,,,,,,,
2014,CH,2014CH32,full,526,5,26,31,2,23,266,133,33.87878788,2.925760286,,,,,,,,,,,,,,,
2014,CH,2014CH32,full,530,5,30,35,4,27,66,16.5,33.87878788,-0.512969589,,,,,,,,,,,,,,,
2014,CH,2014CH32,full,603,6,3,39,4,31,63,15.75,33.87878788,-0.535107335,,,,,,,,,,,,,,,
2014,CH,2014CH32,full,605,6,5,41,2,33,84,42,33.87878788,0.239713775,,,,,,,,,,,,,,,
2014,CH,2014CH33,package-nuc,427,4,27,2,3,3,1,0.333333333,9.121212121,-0.96345515,,,,,,,,,,,,,,,
2014,CH,2014CH33,package-nuc,503,5,3,8,3,6,18,6,9.121212121,-0.342192691,,,,,,,,,,,,,,,
2014,CH,2014CH33,package-nuc,505,5,5,10,2,8,3,1.5,9.121212121,-0.835548173,,,,,,,,,,,,,,,
2014,CH,2014CH33,package-nuc,507,5,7,12,2,10,4,2,9.121212121,-0.780730897,,,,,,,,,,,,,,,
2014,CH,2014CH33,package-nuc,509,5,9,14,2,12,5,2.5,9.121212121,-0.725913621,,,,,,,,,,,,,,,
2014,CH,2014CH33,package-nuc,511,5,11,16,2,14,12,6,9.121212121,-0.342192691,,,,,,,,,,,,,,,
2014,CH,2014CH33,package-nuc,513,5,13,18,2,16,13,6.5,9.121212121,-0.287375415,,,,,,,,,,,,,,,
2014,CH,2014CH33,package-nuc,522,5,22,27,3,19,47,15.66666667,9.121212121,0.717607973,,,,,,,,,,,,,,,
2014,CH,2014CH33,package-nuc,524,5,24,29,2,21,52,26,9.121212121,1.850498339,,,,,,,,,,,,,,,
2014,CH,2014CH33,package-nuc,526,5,26,31,2,23,20,10,9.121212121,0.096345515,,,,,,,,,,,,,,,
2014,CH,2014CH33,package-nuc,530,5,30,35,4,27,51,12.75,9.121212121,0.397840532,,,,,,,,,,,,,,,
2014,CH,2014CH33,package-nuc,603,6,3,39,4,31,36,9,9.121212121,-0.013289037,,,,,,,,,,,,,,,
2014,CH,2014CH33,package-nuc,605,6,5,41,2,33,39,19.5,9.121212121,1.137873754,,,,,,,,,,,,,,,
2014,CH,2014CH34,package-nuc,427,4,27,2,3,3,10,3.333333333,12.78787879,-0.739336493,,,,,,,,,,,,,,,
2014,CH,2014CH34,package-nuc,503,5,3,8,3,6,28,9.333333333,12.78787879,-0.27014218,,,,,,,,,,,,,,,
2014,CH,2014CH34,package-nuc,505,5,5,10,2,8,38,19,12.78787879,0.485781991,,,,,,,,,,,,,,,
2014,CH,2014CH34,package-nuc,507,5,7,12,2,10,21,10.5,12.78787879,-0.178909953,,,,,,,,,,,,,,,
2014,CH,2014CH34,package-nuc,509,5,9,14,2,12,17,8.5,12.78787879,-0.335308057,,,,,,,,,,,,,,,
2014,CH,2014CH34,package-nuc,511,5,11,16,2,14,31,15.5,12.78787879,0.212085308,,,,,,,,,,,,,,,
2014,CH,2014CH34,package-nuc,513,5,13,18,2,16,14,7,12.78787879,-0.452606635,,,,,,,,,,,,,,,
2014,CH,2014CH34,package-nuc,522,5,22,27,3,19,36,12,12.78787879,-0.061611374,,,,,,,,,,,,,,,
2014,CH,2014CH34,package-nuc,524,5,24,29,2,21,25,12.5,12.78787879,-0.022511848,,,,,,,,,,,,,,,
2014,CH,2014CH34,package-nuc,526,5,26,31,2,23,32,16,12.78787879,0.251184834,,,,,,,,,,,,,,,
2014,CH,2014CH34,package-nuc,530,5,30,35,4,27,56,14,12.78787879,0.09478673,,,,,,,,,,,,,,,
2014,CH,2014CH34,package-nuc,603,6,3,39,4,31,55,13.75,12.78787879,0.075236967,,,,,,,,,,,,,,,
2014,CH,2014CH34,package-nuc,605,6,5,41,2,33,59,29.5,12.78787879,1.306872038,,,,,,,,,,,,,,,
2014,TR,2014EP61,full,427,4,27,2,3,3,8,2.666666667,9.727272727,-0.725856698,,,,,,,,,,,,,,,
2014,TR,2014EP61,full,501,5,1,6,4,7,13,3.25,9.727272727,-0.66588785,,,,,,,,,,,,,,,
2014,TR,2014EP61,full,503,5,3,8,2,9,114,57,9.727272727,4.859813084,,,,,,,,,,,,,,,
2014,TR,2014EP61,full,507,5,7,12,4,13,46,11.5,9.727272727,0.182242991,,,,,,,,,,,,,,,
2014,TR,2014EP61,full,509,5,9,14,2,15,10,5,9.727272727,-0.485981308,,,,,,,,,,,,,,,
2014,TR,2014EP61,full,511,5,11,16,2,17,10,5,9.727272727,-0.485981308,,,,,,,,,,,,,,,
2014,TR,2014EP61,full,513,5,13,18,2,19,3,1.5,9.727272727,-0.845794393,,,,,,,,,,,,,,,
2014,TR,2014EP61,full,516,5,16,21,3,22,10,3.333333333,9.727272727,-0.657320872,,,,,,,,,,,,,,,
2014,TR,2014EP62,full,427,4,27,2,3,3,70,23.33333333,53.27272727,-0.562002275,,,,,,,,,,,,,,,
2014,TR,2014EP62,full,501,5,1,6,4,7,75,18.75,53.27272727,-0.648037543,,,,,,,,,,,,,,,
2014,TR,2014EP62,full,503,5,3,8,2,9,203,101.5,53.27272727,0.905290102,,,,,,,,,,,,,,,
2014,TR,2014EP62,full,507,5,7,12,4,13,283,70.75,53.27272727,0.328071672,,,,,,,,,,,,,,,
2014,TR,2014EP62,full,509,5,9,14,2,15,161,80.5,53.27272727,0.51109215,,,,,,,,,,,,,,,
2014,TR,2014EP62,full,511,5,11,16,2,17,226,113,53.27272727,1.12116041,,,,,,,,,,,,,,,
2014,TR,2014EP62,full,513,5,13,18,2,19,33,16.5,53.27272727,-0.690273038,,,,,,,,,,,,,,,
2014,TR,2014EP62,full,516,5,16,21,3,22,121,40.33333333,53.27272727,-0.242889647,,,,,,,,,,,,,,,
2014,TR,2014EP63,full,427,4,27,2,3,3,40,13.33333333,24.22727273,-0.449656035,,,,,,,,,,,,,,,
2014,TR,2014EP63,full,501,5,1,6,4,7,130,32.5,24.22727273,0.341463415,,,,,,,,,,,,,,,
2014,TR,2014EP63,full,505,5,5,10,4,11,61,15.25,24.22727273,-0.37054409,,,,,,,,,,,,,,,
2014,TR,2014EP63,full,509,5,9,14,4,15,133,33.25,24.22727273,0.372420263,,,,,,,,,,,,,,,
2014,TR,2014EP63,full,511,5,11,16,2,17,86,43,24.22727273,0.774859287,,,,,,,,,,,,,,,
2014,TR,2014EP63,full,513,5,13,18,2,19,45,22.5,24.22727273,-0.071294559,,,,,,,,,,,,,,,
2014,TR,2014EP63,full,516,5,16,21,3,22,38,12.66666667,24.22727273,-0.477173233,,,,,,,,,,,,,,,
2014,TR,2014EP64,full,427,4,27,2,3,3,130,43.33333333,61.13636364,-0.291201983,,,,,,,,,,,,,,,
2014,TR,2014EP64,full,501,5,1,6,4,7,215,53.75,61.13636364,-0.120817844,,,,,,,,,,,,,,,
2014,TR,2014EP64,full,505,5,5,10,4,11,185,46.25,61.13636364,-0.243494424,,,,,,,,,,,,,,,
2014,TR,2014EP64,full,509,5,9,14,4,15,405,101.25,61.13636364,0.656133829,,,,,,,,,,,,,,,
2014,TR,2014EP64,full,511,5,11,16,2,17,208,104,61.13636364,0.701115242,,,,,,,,,,,,,,,
2014,TR,2014EP64,full,513,5,13,18,2,19,42,21,61.13636364,-0.656505576,,,,,,,,,,,,,,,
2014,TR,2014EP64,full,516,5,16,21,3,22,160,53.33333333,61.13636364,-0.127633209,,,,,,,,,,,,,,,
2014,FSR,2014FSR21,full,427,4,27,2,3,3,75,25,26.56818182,-0.059024808,,,,,,,,,,,,,,,
2014,FSR,2014FSR21,full,501,5,1,6,4,7,57,14.25,26.56818182,-0.46364414,,,,,,,,,,,,,,,
2014,FSR,2014FSR21,full,503,5,3,8,2,9,70,35,26.56818182,0.317365269,,,,,,,,,,,,,,,
2014,FSR,2014FSR21,full,505,5,5,10,2,11,60,30,26.56818182,0.129170231,,,,,,,,,,,,,,,
2014,FSR,2014FSR21,full,507,5,7,12,2,13,64,32,26.56818182,0.204448246,,,,,,,,,,,,,,,
2014,FSR,2014FSR21,full,509,5,9,14,2,15,213,106.5,26.56818182,3.00855432,,,,,,,,,,,,,,,
2014,FSR,2014FSR21,full,511,5,11,16,2,17,135,67.5,26.56818182,1.54063302,,,,,,,,,,,,,,,
2014,FSR,2014FSR21,full,513,5,13,18,2,19,24,12,26.56818182,-0.548331908,,,,,,,,,,,,,,,
2014,FSR,2014FSR21,full,516,5,16,21,3,22,51,17,26.56818182,-0.360136869,,,,,,,,,,,,,,,
2014,FSR,2014FSR21,full,519,5,19,24,3,25,60,20,26.56818182,-0.247219846,,,,,,,,,,,,,,,
2014,FSR,2014FSR21,full,522,5,22,27,3,28,32,10.66666667,26.56818182,-0.598517251,,,,,,,,,,,,,,,
2014,FSR,2014FSR21,full,524,5,24,29,2,30,75,37.5,26.56818182,0.411462789,,,,,,,,,,,,,,,
2014,FSR,2014FSR21,full,526,5,26,31,2,32,140,70,26.56818182,1.634730539,,,,,,,,,,,,,,,
2014,FSR,2014FSR21,full,530,5,30,35,2,34,63,31.5,26.56818182,0.185628743,,,,,,,,,,,,,,,
2014,FSR,2014FSR21,full,603,6,3,39,4,38,12,3,26.56818182,-0.887082977,,,,,,,,,,,,,,,
2014,FSR,2014FSR21,full,605,6,5,41,2,40,18,9,26.56818182,-0.661248931,,,,,,,,,,,,,,,
2014,FSR,2014FSR21,full,609,6,9,45,4,44,20,5,26.56818182,-0.811804962,,,,,,,,,,,,,,,
2014,FSR,2014FSR22,full,427,4,27,2,3,3,110,36.66666667,29.13636364,0.258450338,,,,,,,,,,,,,,,
2014,FSR,2014FSR22,full,501,5,1,6,4,7,85,21.25,29.13636364,-0.270670827,,,,,,,,,,,,,,,
2014,FSR,2014FSR22,full,503,5,3,8,2,9,78,39,29.13636364,0.338533541,,,,,,,,,,,,,,,
2014,FSR,2014FSR22,full,505,5,5,10,2,11,120,60,29.13636364,1.059282371,,,,,,,,,,,,,,,
2014,FSR,2014FSR22,full,507,5,7,12,2,13,62,31,29.13636364,0.063962559,,,,,,,,,,,,,,,
2014,FSR,2014FSR22,full,509,5,9,14,2,15,190,95,29.13636364,2.260530421,,,,,,,,,,,,,,,
2014,FSR,2014FSR22,full,511,5,11,16,2,17,77,38.5,29.13636364,0.321372855,,,,,,,,,,,,,,,
2014,FSR,2014FSR22,full,513,5,13,18,2,19,57,28.5,29.13636364,-0.021840874,,,,,,,,,,,,,,,
2014,FSR,2014FSR22,full,516,5,16,21,3,22,34,11.33333333,29.13636364,-0.611024441,,,,,,,,,,,,,,,
2014,FSR,2014FSR22,full,519,5,19,24,3,25,70,23.33333333,29.13636364,-0.199167967,,,,,,,,,,,,,,,
2014,FSR,2014FSR22,full,522,5,22,27,3,28,58,19.33333333,29.13636364,-0.336453458,,,,,,,,,,,,,,,
2014,FSR,2014FSR22,full,524,5,24,29,2,30,50,25,29.13636364,-0.141965679,,,,,,,,,,,,,,,
2014,FSR,2014FSR22,full,526,5,26,31,2,32,103,51.5,29.13636364,0.767550702,,,,,,,,,,,,,,,
2014,FSR,2014FSR22,full,530,5,30,35,2,34,79,39.5,29.13636364,0.355694228,,,,,,,,,,,,,,,
2014,FSR,2014FSR22,full,603,6,3,39,4,38,58,14.5,29.13636364,-0.502340094,,,,,,,,,,,,,,,
2014,FSR,2014FSR22,full,605,6,5,41,2,40,25,12.5,29.13636364,-0.570982839,,,,,,,,,,,,,,,
2014,FSR,2014FSR22,full,609,6,9,45,4,44,26,6.5,29.13636364,-0.776911076,,,,,,,,,,,,,,,
2014,FSR,2014FSR23,package-nuc,427,4,27,2,3,3,63,21,22.40909091,-0.062880325,,,,,,,,,,,,,,,
2014,FSR,2014FSR23,package-nuc,501,5,1,6,4,7,66,16.5,22.40909091,-0.263691684,,,,,,,,,,,,,,,
2014,FSR,2014FSR23,package-nuc,503,5,3,8,2,9,80,40,22.40909091,0.784989858,,,,,,,,,,,,,,,
2014,FSR,2014FSR23,package-nuc,505,5,5,10,2,11,37,18.5,22.40909091,-0.174442191,,,,,,,,,,,,,,,
2014,FSR,2014FSR23,package-nuc,507,5,7,12,2,13,68,34,22.40909091,0.517241379,,,,,,,,,,,,,,,
2014,FSR,2014FSR23,package-nuc,509,5,9,14,2,15,113,56.5,22.40909091,1.521298174,,,,,,,,,,,,,,,
2014,FSR,2014FSR23,package-nuc,511,5,11,16,2,17,64,32,22.40909091,0.427991886,,,,,,,,,,,,,,,
2014,FSR,2014FSR23,package-nuc,513,5,13,18,2,19,59,29.5,22.40909091,0.31643002,,,,,,,,,,,,,,,
2014,FSR,2014FSR23,package-nuc,516,5,16,21,3,22,60,20,22.40909091,-0.107505071,,,,,,,,,,,,,,,
2014,FSR,2014FSR23,package-nuc,519,5,19,24,3,25,64,21.33333333,22.40909091,-0.048005409,,,,,,,,,,,,,,,
2014,FSR,2014FSR23,package-nuc,522,5,22,27,3,28,42,14,22.40909091,-0.37525355,,,,,,,,,,,,,,,
2014,FSR,2014FSR23,package-nuc,524,5,24,29,2,30,64,32,22.40909091,0.427991886,,,,,,,,,,,,,,,
2014,FSR,2014FSR23,package-nuc,526,5,26,31,2,32,123,61.5,22.40909091,1.744421907,,,,,,,,,,,,,,,
2014,FSR,2014FSR23,package-nuc,530,5,30,35,2,34,36,18,22.40909091,-0.196754564,,,,,,,,,,,,,,,
2014,FSR,2014FSR23,package-nuc,603,6,3,39,4,38,26,6.5,22.40909091,-0.709939148,,,,,,,,,,,,,,,
2014,FSR,2014FSR23,package-nuc,605,6,5,41,2,40,13,6.5,22.40909091,-0.709939148,,,,,,,,,,,,,,,
2014,FSR,2014FSR23,package-nuc,609,6,9,45,4,44,8,2,22.40909091,-0.910750507,,,,,,,,,,,,,,,
2014,FSR,2014FSR24,package-nuc,427,4,27,2,3,3,96,32,16.04545455,0.994334278,,,,,,,,,,,,,,,
2014,FSR,2014FSR24,package-nuc,501,5,1,6,4,7,65,16.25,16.04545455,0.012747875,,,,,,,,,,,,,,,
2014,FSR,2014FSR24,package-nuc,503,5,3,8,2,9,55,27.5,16.04545455,0.71388102,,,,,,,,,,,,,,,
2014,FSR,2014FSR24,package-nuc,505,5,5,10,2,11,25,12.5,16.04545455,-0.220963173,,,,,,,,,,,,,,,
2014,FSR,2014FSR24,package-nuc,507,5,7,12,2,13,42,21,16.04545455,0.30878187,,,,,,,,,,,,,,,
2014,FSR,2014FSR24,package-nuc,509,5,9,14,2,15,25,12.5,16.04545455,-0.220963173,,,,,,,,,,,,,,,
2014,FSR,2014FSR24,package-nuc,511,5,11,16,2,17,52,26,16.04545455,0.620396601,,,,,,,,,,,,,,,
2014,FSR,2014FSR24,package-nuc,513,5,13,18,2,19,17,8.5,16.04545455,-0.470254958,,,,,,,,,,,,,,,
2014,FSR,2014FSR24,package-nuc,516,5,16,21,3,22,26,8.666666667,16.04545455,-0.4598678,,,,,,,,,,,,,,,
2014,FSR,2014FSR24,package-nuc,519,5,19,24,3,25,36,12,16.04545455,-0.252124646,,,,,,,,,,,,,,,
2014,FSR,2014FSR24,package-nuc,522,5,22,27,3,28,29,9.666666667,16.04545455,-0.397544854,,,,,,,,,,,,,,,
2014,FSR,2014FSR24,package-nuc,524,5,24,29,2,30,44,22,16.04545455,0.371104816,,,,,,,,,,,,,,,
2014,FSR,2014FSR24,package-nuc,526,5,26,31,2,32,78,39,16.04545455,1.430594901,,,,,,,,,,,,,,,
2014,FSR,2014FSR24,package-nuc,530,5,30,35,2,34,83,41.5,16.04545455,1.586402266,,,,,,,,,,,,,,,
2014,FSR,2014FSR24,package-nuc,603,6,3,39,4,38,11,2.75,16.04545455,-0.828611898,,,,,,,,,,,,,,,
2014,FSR,2014FSR24,package-nuc,605,6,5,41,2,40,16,8,16.04545455,-0.501416431,,,,,,,,,,,,,,,
2014,FSR,2014FSR24,package-nuc,609,6,9,45,4,44,6,1.5,16.04545455,-0.906515581,,,,,,,,,,,,,,,
2014,MB,2014MB51,full,427,4,27,2,3,3,62,20.66666667,42.69767442,-0.515976761,,,,,,,,,,,,,,,
2014,MB,2014MB51,full,501,5,1,6,4,7,140,35,42.69767442,-0.180283224,,,,,,,,,,,,,,,
2014,MB,2014MB51,full,503,5,3,8,2,9,12,6,42.69767442,-0.859477124,,,,,,,,,,,,,,,
2014,MB,2014MB51,full,505,5,5,10,3,12,97,32.33333333,42.69767442,-0.242737836,,,,,,,,,,,,,,,
2014,MB,2014MB51,full,507,5,7,12,1,13,31,31,42.69767442,-0.273965142,,,,,,,,,,,,,,,
2014,MB,2014MB51,full,509,5,9,14,2,15,487,243.5,42.69767442,4.70288671,,,,,,,,,,,,,,,
2014,MB,2014MB51,full,511,5,11,16,2,17,46,23,42.69767442,-0.461328976,,,,,,,,,,,,,,,
2014,MB,2014MB51,full,513,5,13,18,2,19,64,32,42.69767442,-0.250544662,,,,,,,,,,,,,,,
2014,MB,2014MB51,full,516,5,16,21,3,22,37,12.33333333,42.69767442,-0.711147422,,,,,,,,,,,,,,,
2014,MB,2014MB51,full,519,5,19,24,3,25,156,52,42.69767442,0.217864924,,,,,,,,,,,,,,,
2014,MB,2014MB51,full,522,5,22,27,3,28,48,16,42.69767442,-0.625272331,,,,,,,,,,,,,,,
2014,MB,2014MB51,full,524,5,24,29,2,30,80,40,42.69767442,-0.063180828,,,,,,,,,,,,,,,
2014,MB,2014MB51,full,526,5,26,31,2,32,71,35.5,42.69767442,-0.168572985,,,,,,,,,,,,,,,
2014,MB,2014MB51,full,530,5,30,35,4,36,210,52.5,42.69767442,0.229575163,,,,,,,,,,,,,,,
2014,MB,2014MB51,full,603,6,3,39,4,40,160,40,42.69767442,-0.063180828,,,,,,,,,,,,,,,
2014,MB,2014MB51,full,609,6,9,45,3,43,135,45,42.69767442,0.053921569,,,,,,,,,,,,,,,
2014,MB,2014MB52,full,427,4,27,2,3,3,107,35.66666667,39.76744186,-0.103118908,,,,,,,,,,,,,,,
2014,MB,2014MB52,full,501,5,1,6,4,7,150,37.5,39.76744186,-0.057017544,,,,,,,,,,,,,,,
2014,MB,2014MB52,full,503,5,3,8,2,9,42,21,39.76744186,-0.471929825,,,,,,,,,,,,,,,
2014,MB,2014MB52,full,505,5,5,10,3,12,156,52,39.76744186,0.307602339,,,,,,,,,,,,,,,
2014,MB,2014MB52,full,507,5,7,12,1,13,21,21,39.76744186,-0.471929825,,,,,,,,,,,,,,,
2014,MB,2014MB52,full,509,5,9,14,2,15,250,125,39.76744186,2.143274854,,,,,,,,,,,,,,,
2014,MB,2014MB52,full,511,5,11,16,2,17,191,95.5,39.76744186,1.401461988,,,,,,,,,,,,,,,
2014,MB,2014MB52,full,513,5,13,18,2,19,29,14.5,39.76744186,-0.635380117,,,,,,,,,,,,,,,
2014,MB,2014MB52,full,516,5,16,21,3,22,89,29.66666667,39.76744186,-0.253996101,,,,,,,,,,,,,,,
2014,MB,2014MB52,full,519,5,19,24,3,25,144,48,39.76744186,0.207017544,,,,,,,,,,,,,,,
2014,MB,2014MB52,full,522,5,22,27,3,28,80,26.66666667,39.76744186,-0.329434698,,,,,,,,,,,,,,,
2014,MB,2014MB52,full,524,5,24,29,2,30,40,20,39.76744186,-0.497076023,,,,,,,,,,,,,,,
2014,MB,2014MB52,full,526,5,26,31,2,32,135,67.5,39.76744186,0.697368421,,,,,,,,,,,,,,,
2014,MB,2014MB52,full,530,5,30,35,4,36,148,37,39.76744186,-0.069590643,,,,,,,,,,,,,,,
2014,MB,2014MB52,full,603,6,3,39,4,40,98,24.5,39.76744186,-0.383918129,,,,,,,,,,,,,,,
2014,MB,2014MB52,full,609,6,9,45,3,43,30,10,39.76744186,-0.748538012,,,,,,,,,,,,,,,
2014,MB,2014MB53,full,427,4,27,2,3,3,156,52,62.62790698,-0.16969922,,,,,,,,,,,,,,,
2014,MB,2014MB53,full,501,5,1,6,4,7,260,65,62.62790698,0.037875975,,,,,,,,,,,,,,,
2014,MB,2014MB53,full,503,5,3,8,2,9,76,38,62.62790698,-0.393241738,,,,,,,,,,,,,,,
2014,MB,2014MB53,full,505,5,5,10,3,12,132,44,62.62790698,-0.297437802,,,,,,,,,,,,,,,
2014,MB,2014MB53,full,507,5,7,12,1,13,70,70,62.62790698,0.117712588,,,,,,,,,,,,,,,
2014,MB,2014MB53,full,509,5,9,14,2,15,455,227.5,62.62790698,2.632565912,,,,,,,,,,,,,,,
2014,MB,2014MB53,full,511,5,11,16,2,17,206,103,62.62790698,0.644634237,,,,,,,,,,,,,,,
2014,MB,2014MB53,full,513,5,13,18,2,19,32,16,62.62790698,-0.744522837,,,,,,,,,,,,,,,
2014,MB,2014MB53,full,516,5,16,21,3,22,176,58.66666667,62.62790698,-0.063250402,,,,,,,,,,,,,,,
2014,MB,2014MB53,full,519,5,19,24,3,25,67,22.33333333,62.62790698,-0.64339646,,,,,,,,,,,,,,,
2014,MB,2014MB53,full,522,5,22,27,3,28,165,55,62.62790698,-0.121797252,,,,,,,,,,,,,,,
2014,MB,2014MB53,full,524,5,24,29,2,30,154,77,62.62790698,0.229483847,,,,,,,,,,,,,,,
2014,MB,2014MB53,full,526,5,26,31,2,32,216,108,62.62790698,0.72447085,,,,,,,,,,,,,,,
2014,MB,2014MB53,full,530,5,30,35,4,36,268,67,62.62790698,0.06981062,,,,,,,,,,,,,,,
2014,MB,2014MB53,full,603,6,3,39,4,40,83,20.75,62.62790698,-0.668678054,,,,,,,,,,,,,,,
2014,MB,2014MB53,full,609,6,9,45,3,43,177,59,62.62790698,-0.057927961,,,,,,,,,,,,,,,
2014,MB,2014MB54,full,427,4,27,2,3,3,72,24,31.65116279,-0.241734019,,,,,,,,,,,,,,,
2014,MB,2014MB54,full,501,5,1,6,4,7,48,12,31.65116279,-0.62086701,,,,,,,,,,,,,,,
2014,MB,2014MB54,full,503,5,3,8,2,9,82,41,31.65116279,0.295371051,,,,,,,,,,,,,,,
2014,MB,2014MB54,full,505,5,5,10,3,12,63,21,31.65116279,-0.336517267,,,,,,,,,,,,,,,
2014,MB,2014MB54,full,507,5,7,12,1,13,70,70,31.65116279,1.211609111,,,,,,,,,,,,,,,
2014,MB,2014MB54,full,509,5,9,14,2,15,169,84.5,31.65116279,1.669728141,,,,,,,,,,,,,,,
2014,MB,2014MB54,full,511,5,11,16,2,17,34,17,31.65116279,-0.46289493,,,,,,,,,,,,,,,
2014,MB,2014MB54,full,513,5,13,18,2,19,75,37.5,31.65116279,0.184790595,,,,,,,,,,,,,,,
2014,MB,2014MB54,full,516,5,16,21,3,22,7,2.333333333,31.65116279,-0.926279696,,,,,,,,,,,,,,,
2014,MB,2014MB54,full,519,5,19,24,3,25,96,32,31.65116279,0.011021308,,,,,,,,,,,,,,,
2014,MB,2014MB54,full,522,5,22,27,3,28,12,4,31.65116279,-0.873622337,,,,,,,,,,,,,,,
2014,MB,2014MB54,full,524,5,24,29,2,30,114,57,31.65116279,0.800881705,,,,,,,,,,,,,,,
2014,MB,2014MB54,full,526,5,26,31,2,32,16,8,31.65116279,-0.747244673,,,,,,,,,,,,,,,
2014,MB,2014MB54,full,530,5,30,35,4,36,202,50.5,31.65116279,0.595518001,,,,,,,,,,,,,,,
2014,MB,2014MB54,full,603,6,3,39,4,40,199,49.75,31.65116279,0.57182219,,,,,,,,,,,,,,,
2014,MB,2014MB54,full,609,6,9,45,3,43,102,34,31.65116279,0.07421014,,,,,,,,,,,,,,,
2014,NC,2014TD71,full,503,5,3,8,2,2,63,31.5,32.13513514,-0.019764508,,,,,,,,,,,,,,,
2014,NC,2014TD71,full,505,5,5,10,2,4,41,20.5,32.13513514,-0.362068966,,,,,,,,,,,,,,,
2014,NC,2014TD71,full,507,5,7,12,2,6,95,47.5,32.13513514,0.478132885,,,,,,,,,,,,,,,
2014,NC,2014TD71,full,509,5,9,14,2,8,114,57,32.13513514,0.773759462,,,,,,,,,,,,,,,
2014,NC,2014TD71,full,511,5,11,16,2,10,200,100,32.13513514,2.111858705,,,,,,,,,,,,,,,
2014,NC,2014TD71,full,513,5,13,18,2,12,41,20.5,32.13513514,-0.362068966,,,,,,,,,,,,,,,
2014,NC,2014TD71,full,516,5,16,21,3,15,53,17.66666667,32.13513514,-0.450238295,,,,,,,,,,,,,,,
2014,NC,2014TD71,full,519,5,19,24,3,18,60,20,32.13513514,-0.377628259,,,,,,,,,,,,,,,
2014,NC,2014TD71,full,522,5,22,27,3,21,27,9,32.13513514,-0.719932717,,,,,,,,,,,,,,,
2014,NC,2014TD71,full,524,5,24,29,2,23,82,41,32.13513514,0.275862069,,,,,,,,,,,,,,,
2014,NC,2014TD71,full,526,5,26,31,2,25,12,6,32.13513514,-0.813288478,,,,,,,,,,,,,,,
2014,NC,2014TD71,full,530,5,30,35,4,29,97,24.25,32.13513514,-0.245374264,,,,,,,,,,,,,,,
2014,NC,2014TD71,full,603,6,3,39,4,33,92,23,32.13513514,-0.284272498,,,,,,,,,,,,,,,
2014,NC,2014TD71,full,607,6,7,43,4,37,212,53,32.13513514,0.649285114,,,,,,,,,,,,,,,
2014,NC,2014TD72,full,503,5,3,8,2,2,35,17.5,36.35135135,-0.518587361,,,,,,,,,,,,,,,
2014,NC,2014TD72,full,505,5,5,10,2,4,125,62.5,36.35135135,0.719330855,,,,,,,,,,,,,,,
2014,NC,2014TD72,full,507,5,7,12,2,6,150,75,36.35135135,1.063197026,,,,,,,,,,,,,,,
2014,NC,2014TD72,full,509,5,9,14,2,8,235,117.5,36.35135135,2.232342007,,,,,,,,,,,,,,,
2014,NC,2014TD72,full,511,5,11,16,2,10,126,63,36.35135135,0.733085502,,,,,,,,,,,,,,,
2014,NC,2014TD72,full,513,5,13,18,2,12,16,8,36.35135135,-0.779925651,,,,,,,,,,,,,,,
2014,NC,2014TD72,full,516,5,16,21,3,15,20,6.666666667,36.35135135,-0.816604709,,,,,,,,,,,,,,,
2014,NC,2014TD72,full,519,5,19,24,3,18,17,5.666666667,36.35135135,-0.844114002,,,,,,,,,,,,,,,
2014,NC,2014TD72,full,522,5,22,27,3,21,299,99.66666667,36.35135135,1.741759603,,,,,,,,,,,,,,,
2014,NC,2014TD72,full,524,5,24,29,2,23,20,10,36.35135135,-0.724907063,,,,,,,,,,,,,,,
2014,NC,2014TD72,full,526,5,26,31,2,25,43,21.5,36.35135135,-0.408550186,,,,,,,,,,,,,,,
2014,NC,2014TD72,full,530,5,30,35,4,29,75,18.75,36.35135135,-0.484200743,,,,,,,,,,,,,,,
2014,NC,2014TD72,full,603,6,3,39,4,33,159,39.75,36.35135135,0.093494424,,,,,,,,,,,,,,,
2014,NC,2014TD72,full,607,6,7,43,4,37,25,6.25,36.35135135,-0.828066914,,,,,,,,,,,,,,,
2014,NC,2014TD73,full,503,5,3,8,2,2,45,22.5,31.67567568,-0.289675768,,,,,,,,,,,,,,,
2014,NC,2014TD73,full,505,5,5,10,2,4,25,12.5,31.67567568,-0.605375427,,,,,,,,,,,,,,,
2014,NC,2014TD73,full,507,5,7,12,2,6,73,36.5,31.67567568,0.152303754,,,,,,,,,,,,,,,
2014,NC,2014TD73,full,509,5,9,14,2,8,118,59,31.67567568,0.862627986,,,,,,,,,,,,,,,
2014,NC,2014TD73,full,511,5,11,16,2,10,220,110,31.67567568,2.472696246,,,,,,,,,,,,,,,
2014,NC,2014TD73,full,513,5,13,18,2,12,22,11,31.67567568,-0.652730375,,,,,,,,,,,,,,,
2014,NC,2014TD73,full,516,5,16,21,3,15,113,37.66666667,31.67567568,0.189135381,,,,,,,,,,,,,,,
2014,NC,2014TD73,full,519,5,19,24,3,18,125,41.66666667,31.67567568,0.315415245,,,,,,,,,,,,,,,
2014,NC,2014TD73,full,522,5,22,27,3,21,42,14,31.67567568,-0.558020478,,,,,,,,,,,,,,,
2014,NC,2014TD73,full,524,5,24,29,2,23,185,92.5,31.67567568,1.920221843,,,,,,,,,,,,,,,
2014,NC,2014TD73,full,526,5,26,31,2,25,30,15,31.67567568,-0.526450512,,,,,,,,,,,,,,,
2014,NC,2014TD73,full,530,5,30,35,4,29,72,18,31.67567568,-0.431740614,,,,,,,,,,,,,,,
2014,NC,2014TD73,full,603,6,3,39,4,33,86,21.5,31.67567568,-0.321245734,,,,,,,,,,,,,,,
2014,NC,2014TD73,full,607,6,7,43,4,37,16,4,31.67567568,-0.873720137,,,,,,,,,,,,,,,
2014,NC,2014TD74,full,503,5,3,8,2,2,12,6,54.51351351,-0.889935548,,,,,,,,,,,,,,,
2014,NC,2014TD74,full,505,5,5,10,2,4,179,89.5,54.51351351,0.641794745,,,,,,,,,,,,,,,
2014,NC,2014TD74,full,507,5,7,12,2,6,50,25,54.51351351,-0.541398116,,,,,,,,,,,,,,,
2014,NC,2014TD74,full,509,5,9,14,2,8,217,108.5,54.51351351,0.990332176,,,,,,,,,,,,,,,
2014,NC,2014TD74,full,511,5,11,16,2,10,260,130,54.51351351,1.384729797,,,,,,,,,,,,,,,
2014,NC,2014TD74,full,513,5,13,18,2,12,190,95,54.51351351,0.742687159,,,,,,,,,,,,,,,
2014,NC,2014TD74,full,516,5,16,21,3,15,63,21,54.51351351,-0.614774417,,,,,,,,,,,,,,,
2014,NC,2014TD74,full,519,5,19,24,3,18,85,28.33333333,54.51351351,-0.480251198,,,,,,,,,,,,,,,
2014,NC,2014TD74,full,522,5,22,27,3,21,358,119.3333333,54.51351351,1.18905966,,,,,,,,,,,,,,,
2014,NC,2014TD74,full,524,5,24,29,2,23,250,125,54.51351351,1.29300942,,,,,,,,,,,,,,,
2014,NC,2014TD74,full,526,5,26,31,2,25,80,40,54.51351351,-0.266236986,,,,,,,,,,,,,,,
2014,NC,2014TD74,full,530,5,30,35,4,29,110,27.5,54.51351351,-0.495537928,,,,,,,,,,,,,,,
2014,NC,2014TD74,full,603,6,3,39,4,33,143,35.75,54.51351351,-0.344199306,,,,,,,,,,,,,,,
2014,NC,2014TD74,full,607,6,7,43,4,37,20,5,54.51351351,-0.908279623,,,,,,,,,,,,,,,
2014,WB,2014WB11,full,427,4,27,2,3,3,46,15.33333333,16.02380952,-0.043090639,,,,,,,,,,,,,,,
2014,WB,2014WB11,full,501,5,1,6,4,7,155,38.75,16.02380952,1.418276374,,,,,,,,,,,,,,,
2014,WB,2014WB11,full,503,5,3,8,2,9,32,16,16.02380952,-0.001485884,,,,,,,,,,,,,,,
2014,WB,2014WB11,full,505,5,5,10,2,11,20,10,16.02380952,-0.375928678,,,,,,,,,,,,,,,
2014,WB,2014WB11,full,507,5,7,12,2,13,52,26,16.02380952,0.622585438,,,,,,,,,,,,,,,
2014,WB,2014WB11,full,509,5,9,14,2,15,38,19,16.02380952,0.185735513,,,,,,,,,,,,,,,
2014,WB,2014WB11,full,511,5,11,16,2,17,42,21,16.02380952,0.310549777,,,,,,,,,,,,,,,
2014,WB,2014WB11,full,513,5,13,18,2,19,7,3.5,16.02380952,-0.781575037,,,,,,,,,,,,,,,
2014,WB,2014WB11,full,516,5,16,21,3,22,18,6,16.02380952,-0.625557207,,,,,,,,,,,,,,,
2014,WB,2014WB11,full,519,5,19,24,3,25,75,25,16.02380952,0.560178306,,,,,,,,,,,,,,,
2014,WB,2014WB11,full,522,5,22,27,3,28,22,7.333333333,16.02380952,-0.542347697,,,,,,,,,,,,,,,
2014,WB,2014WB11,full,524,5,24,29,2,30,19,9.5,16.02380952,-0.407132244,,,,,,,,,,,,,,,
2014,WB,2014WB11,full,526,5,26,31,2,32,18,9,16.02380952,-0.43833581,,,,,,,,,,,,,,,
2014,WB,2014WB11,full,530,5,30,35,4,36,32,8,16.02380952,-0.500742942,,,,,,,,,,,,,,,
2014,WB,2014WB11,full,603,6,3,39,4,40,51,12.75,16.02380952,-0.204309064,,,,,,,,,,,,,,,
2014,WB,2014WB11,full,605,6,5,41,2,42,46,23,16.02380952,0.435364042,,,,,,,,,,,,,,,
2014,WB,2014WB12,full,427,4,27,2,3,3,90,30,18.45238095,0.625806452,,,,,,,,,,,,,,,
2014,WB,2014WB12,full,501,5,1,6,4,7,73,18.25,18.45238095,-0.010967742,,,,,,,,,,,,,,,
2014,WB,2014WB12,full,503,5,3,8,2,9,51,25.5,18.45238095,0.381935484,,,,,,,,,,,,,,,
2014,WB,2014WB12,full,505,5,5,10,2,11,30,15,18.45238095,-0.187096774,,,,,,,,,,,,,,,
2014,WB,2014WB12,full,507,5,7,12,2,13,66,33,18.45238095,0.788387097,,,,,,,,,,,,,,,
2014,WB,2014WB12,full,509,5,9,14,2,15,62,31,18.45238095,0.68,,,,,,,,,,,,,,,
2014,WB,2014WB12,full,511,5,11,16,2,17,45,22.5,18.45238095,0.219354839,,,,,,,,,,,,,,,
2014,WB,2014WB12,full,513,5,13,18,2,19,11,5.5,18.45238095,-0.701935484,,,,,,,,,,,,,,,
2014,WB,2014WB12,full,516,5,16,21,3,22,16,5.333333333,18.45238095,-0.710967742,,,,,,,,,,,,,,,
2014,WB,2014WB12,full,519,5,19,24,3,25,54,18,18.45238095,-0.024516129,,,,,,,,,,,,,,,
2014,WB,2014WB12,full,522,5,22,27,3,28,16,5.333333333,18.45238095,-0.710967742,,,,,,,,,,,,,,,
2014,WB,2014WB12,full,524,5,24,29,2,30,32,16,18.45238095,-0.132903226,,,,,,,,,,,,,,,
2014,WB,2014WB12,full,526,5,26,31,2,32,27,13.5,18.45238095,-0.268387097,,,,,,,,,,,,,,,
2014,WB,2014WB12,full,530,5,30,35,4,36,43,10.75,18.45238095,-0.417419355,,,,,,,,,,,,,,,
2014,WB,2014WB12,full,603,6,3,39,4,40,140,35,18.45238095,0.896774194,,,,,,,,,,,,,,,
2014,WB,2014WB12,full,605,6,5,41,2,42,19,9.5,18.45238095,-0.48516129,,,,,,,,,,,,,,,
2014,WB,2014WB13,package-nuc,427,4,27,2,3,3,55,18.33333333,22.38095238,-0.180851064,,,,,,,,,,,,,,,
2014,WB,2014WB13,package-nuc,501,5,1,6,4,7,89,22.25,22.38095238,-0.005851064,,,,,,,,,,,,,,,
2014,WB,2014WB13,package-nuc,503,5,3,8,2,9,42,21,22.38095238,-0.061702128,,,,,,,,,,,,,,,
2014,WB,2014WB13,package-nuc,505,5,5,10,2,11,25,12.5,22.38095238,-0.441489362,,,,,,,,,,,,,,,
2014,WB,2014WB13,package-nuc,507,5,7,12,2,13,29,14.5,22.38095238,-0.35212766,,,,,,,,,,,,,,,
2014,WB,2014WB13,package-nuc,509,5,9,14,2,15,154,77,22.38095238,2.440425532,,,,,,,,,,,,,,,
2014,WB,2014WB13,package-nuc,511,5,11,16,2,17,125,62.5,22.38095238,1.792553191,,,,,,,,,,,,,,,
2014,WB,2014WB13,package-nuc,513,5,13,18,2,19,20,10,22.38095238,-0.553191489,,,,,,,,,,,,,,,
2014,WB,2014WB13,package-nuc,516,5,16,21,3,22,57,19,22.38095238,-0.15106383,,,,,,,,,,,,,,,
2014,WB,2014WB13,package-nuc,519,5,19,24,3,25,71,23.66666667,22.38095238,0.057446809,,,,,,,,,,,,,,,
2014,WB,2014WB13,package-nuc,522,5,22,27,3,28,7,2.333333333,22.38095238,-0.895744681,,,,,,,,,,,,,,,
2014,WB,2014WB13,package-nuc,524,5,24,29,2,30,25,12.5,22.38095238,-0.441489362,,,,,,,,,,,,,,,
2014,WB,2014WB13,package-nuc,526,5,26,31,2,32,27,13.5,22.38095238,-0.396808511,,,,,,,,,,,,,,,
2014,WB,2014WB13,package-nuc,530,5,30,35,4,36,85,21.25,22.38095238,-0.050531915,,,,,,,,,,,,,,,
2014,WB,2014WB13,package-nuc,603,6,3,39,4,40,104,26,22.38095238,0.161702128,,,,,,,,,,,,,,,
2014,WB,2014WB13,package-nuc,605,6,5,41,2,42,25,12.5,22.38095238,-0.441489362,,,,,,,,,,,,,,,
2014,WB,2014WB14,package-nuc,427,4,27,2,3,3,40,13.33333333,23.5952381,-0.434914228,,,,,,,,,,,,,,,
2014,WB,2014WB14,package-nuc,501,5,1,6,4,7,62,15.5,23.5952381,-0.34308779,,,,,,,,,,,,,,,
2014,WB,2014WB14,package-nuc,503,5,3,8,2,9,65,32.5,23.5952381,0.377396569,,,,,,,,,,,,,,,
2014,WB,2014WB14,package-nuc,505,5,5,10,2,11,19,9.5,23.5952381,-0.597376387,,,,,,,,,,,,,,,
2014,WB,2014WB14,package-nuc,507,5,7,12,2,13,170,85,23.5952381,2.602421796,,,,,,,,,,,,,,,
2014,WB,2014WB14,package-nuc,509,5,9,14,2,15,157,78.5,23.5952381,2.326942482,,,,,,,,,,,,,,,
2014,WB,2014WB14,package-nuc,511,5,11,16,2,17,81,40.5,23.5952381,0.716448032,,,,,,,,,,,,,,,
2014,WB,2014WB14,package-nuc,513,5,13,18,2,19,21,10.5,23.5952381,-0.554994955,,,,,,,,,,,,,,,
2014,WB,2014WB14,package-nuc,516,5,16,21,3,22,41,13.66666667,23.5952381,-0.420787084,,,,,,,,,,,,,,,
2014,WB,2014WB14,package-nuc,519,5,19,24,3,25,77,25.66666667,23.5952381,0.087790111,,,,,,,,,,,,,,,
2014,WB,2014WB14,package-nuc,522,5,22,27,3,28,13,4.333333333,23.5952381,-0.816347124,,,,,,,,,,,,,,,
2014,WB,2014WB14,package-nuc,524,5,24,29,2,30,3,1.5,23.5952381,-0.936427851,,,,,,,,,,,,,,,
2014,WB,2014WB14,package-nuc,526,5,26,31,2,32,25,12.5,23.5952381,-0.470232089,,,,,,,,,,,,,,,
2014,WB,2014WB14,package-nuc,530,5,30,35,4,36,70,17.5,23.5952381,-0.258324924,,,,,,,,,,,,,,,
2014,WB,2014WB14,package-nuc,603,6,3,39,4,40,118,29.5,23.5952381,0.25025227,,,,,,,,,,,,,,,
2014,WB,2014WB14,package-nuc,605,6,5,41,2,42,29,14.5,23.5952381,-0.385469223,,,,,,,,,,,,,,,
2015,BG,2015BG59,full,429,4,29,4,3,3,111,37,32.63157895,0.133870968,,,,,,,,,,,,,,,
2015,BG,2015BG59,full,502,5,2,7,3,6,209,69.66666667,32.63157895,1.134946237,,,,,,,,,,,,,,,
2015,BG,2015BG59,full,505,5,5,10,3,9,170,56.66666667,32.63157895,0.73655914,,,,,,,,,,,,,,,
2015,BG,2015BG59,full,508,5,8,13,3,12,218,72.66666667,32.63157895,1.22688172,,,,,,,,,,,,,,,
2015,BG,2015BG59,full,511,5,11,16,3,15,93,31,32.63157895,-0.05,,,,,,,,,,,,,,,
2015,BG,2015BG59,full,514,5,14,19,3,18,181,60.33333333,32.63157895,0.848924731,,,,,,,,,,,,,,,
2015,BG,2015BG59,full,519,5,19,24,5,23,128,25.6,32.63157895,-0.215483871,,,,,,,,,,,,,,,
2015,BG,2015BG59,full,523,5,23,28,4,27,83,20.75,32.63157895,-0.364112903,,,,,,,,,,,,,,,
2015,BG,2015BG59,full,527,5,27,32,4,31,23,5.75,32.63157895,-0.823790323,,,,,,,,,,,,,,,
2015,BG,2015BG59,full,603,6,3,39,7,38,24,3.428571429,32.63157895,-0.894930876,,,,,,,,,,,,,,,
2015,BG,2015BG60,full,429,4,29,4,3,3,169,56.33333333,52.60526316,0.070868768,,,,,,,,,,,,,,,
2015,BG,2015BG60,full,502,5,2,7,3,6,522,174,52.60526316,2.307653827,,,,,,,,,,,,,,,
2015,BG,2015BG60,full,505,5,5,10,3,9,310,103.3333333,52.60526316,0.964315491,,,,,,,,,,,,,,,
2015,BG,2015BG60,full,508,5,8,13,3,12,148,49.33333333,52.60526316,-0.062197766,,,,,,,,,,,,,,,
2015,BG,2015BG60,full,511,5,11,16,3,15,69,23,52.60526316,-0.562781391,,,,,,,,,,,,,,,
2015,BG,2015BG60,full,514,5,14,19,3,18,51,17,52.60526316,-0.676838419,,,,,,,,,,,,,,,
2015,BG,2015BG60,full,519,5,19,24,5,23,196,39.2,52.60526316,-0.254827414,,,,,,,,,,,,,,,
2015,BG,2015BG60,full,523,5,23,28,4,27,176,44,52.60526316,-0.163581791,,,,,,,,,,,,,,,
2015,BG,2015BG60,full,527,5,27,32,4,31,35,8.75,52.60526316,-0.833666833,,,,,,,,,,,,,,,
2015,BG,2015BG60,full,603,6,3,39,7,38,323,46.14285714,52.60526316,-0.122847138,,,,,,,,,,,,,,,
2015,DS,2015DS31,full,430,4,30,5,4,4,62,15.5,9.736842105,0.591891892,,,,,,,,,,,,,,,
2015,DS,2015DS31,full,502,5,2,7,2,6,35,17.5,9.736842105,0.797297297,,,,,,,,,,,,,,,
2015,DS,2015DS31,full,505,5,5,10,3,9,105,35,9.736842105,2.594594595,,,,,,,,,,,,,,,
2015,DS,2015DS31,full,508,5,8,13,3,12,48,16,9.736842105,0.643243243,,,,,,,,,,,,,,,
2015,DS,2015DS31,full,511,5,11,16,3,15,18,6,9.736842105,-0.383783784,,,,,,,,,,,,,,,
2015,DS,2015DS31,full,514,5,14,19,3,18,30,10,9.736842105,0.027027027,,,,,,,,,,,,,,,
2015,DS,2015DS31,full,519,5,19,24,5,23,3,0.6,9.736842105,-0.938378378,,,,,,,,,,,,,,,
2015,DS,2015DS31,full,523,5,23,28,5,28,19,3.8,9.736842105,-0.60972973,,,,,,,,,,,,,,,
2015,DS,2015DS31,full,527,5,27,32,3,31,3,1,9.736842105,-0.897297297,,,,,,,,,,,,,,,
2015,DS,2015DS31,full,603,6,3,39,7,38,47,6.714285714,9.736842105,-0.31042471,,,,,,,,,,,,,,,
2015,DS,2015DS33,full,430,4,30,5,4,4,81,20.25,19.26315789,0.051229508,,,,,,,,,,,,,,,
2015,DS,2015DS33,full,502,5,2,7,2,6,38,19,19.26315789,-0.013661202,,,,,,,,,,,,,,,
2015,DS,2015DS33,full,505,5,5,10,3,9,133,44.33333333,19.26315789,1.301457195,,,,,,,,,,,,,,,
2015,DS,2015DS33,full,508,5,8,13,3,12,94,31.33333333,19.26315789,0.626593807,,,,,,,,,,,,,,,
2015,DS,2015DS33,full,511,5,11,16,3,15,67,22.33333333,19.26315789,0.159380692,,,,,,,,,,,,,,,
2015,DS,2015DS33,full,514,5,14,19,3,18,194,64.66666667,19.26315789,2.35701275,,,,,,,,,,,,,,,
2015,DS,2015DS33,full,519,5,19,24,5,23,55,11,19.26315789,-0.428961749,,,,,,,,,,,,,,,
2015,DS,2015DS33,full,523,5,23,28,5,28,41,8.2,19.26315789,-0.57431694,,,,,,,,,,,,,,,
2015,DS,2015DS33,full,527,5,27,32,3,31,3,1,19.26315789,-0.948087432,,,,,,,,,,,,,,,
2015,DS,2015DS33,full,603,6,3,39,7,38,26,3.714285714,19.26315789,-0.807181889,,,,,,,,,,,,,,,
2015,FSR,2015FSR8,package,429,4,29,4,3,3,26,8.666666667,14.07894737,-0.384423676,,,,,,,,,,,,,,,
2015,FSR,2015FSR8,package,502,5,2,7,3,6,124,41.33333333,14.07894737,1.935825545,,,,,,,,,,,,,,,
2015,FSR,2015FSR8,package,505,5,5,10,3,9,186,62,14.07894737,3.403738318,,,,,,,,,,,,,,,
2015,FSR,2015FSR8,package,508,5,8,13,3,12,33,11,14.07894737,-0.218691589,,,,,,,,,,,,,,,
2015,FSR,2015FSR8,package,511,5,11,16,3,15,29,9.666666667,14.07894737,-0.313395639,,,,,,,,,,,,,,,
2015,FSR,2015FSR8,package,514,5,14,19,3,18,30,10,14.07894737,-0.289719626,,,,,,,,,,,,,,,
2015,FSR,2015FSR8,package,519,5,19,24,5,23,23,4.6,14.07894737,-0.673271028,,,,,,,,,,,,,,,
2015,FSR,2015FSR8,package,523,5,23,28,4,27,53,13.25,14.07894737,-0.058878505,,,,,,,,,,,,,,,
2015,FSR,2015FSR8,package,527,5,27,32,4,31,15,3.75,14.07894737,-0.73364486,,,,,,,,,,,,,,,
2015,FSR,2015FSR8,package,603,6,3,39,7,38,16,2.285714286,14.07894737,-0.8376502,,,,,,,,,,,,,,,
2015,FSR,2015FSR9,package,429,4,29,4,3,3,38,12.66666667,46.47368421,-0.727444319,,,,,,,,,,,,,,,
2015,FSR,2015FSR9,package,502,5,2,7,3,6,416,138.6666667,46.47368421,1.983767459,,,,,,,,,,,,,,,
2015,FSR,2015FSR9,package,505,5,5,10,3,9,756,252,46.47368421,4.422423556,,,,,,,,,,,,,,,
2015,FSR,2015FSR9,package,508,5,8,13,3,12,104,34.66666667,46.47368421,-0.254058135,,,,,,,,,,,,,,,
2015,FSR,2015FSR9,package,511,5,11,16,3,15,60,20,46.47368421,-0.569648924,,,,,,,,,,,,,,,
2015,FSR,2015FSR9,package,514,5,14,19,3,18,148,49.33333333,46.47368421,0.061532654,,,,,,,,,,,,,,,
2015,FSR,2015FSR9,package,519,5,19,24,5,23,106,21.2,46.47368421,-0.54382786,,,,,,,,,,,,,,,
2015,FSR,2015FSR9,package,523,5,23,28,4,27,105,26.25,46.47368421,-0.435164213,,,,,,,,,,,,,,,
2015,FSR,2015FSR9,package,527,5,27,32,4,31,16,4,46.47368421,-0.913929785,,,,,,,,,,,,,,,
2015,FSR,2015FSR9,package,603,6,3,39,7,38,17,2.428571429,46.47368421,-0.947743084,,,,,,,,,,,,,,,
2015,FSR,2015FSR21,nuc,429,4,29,4,3,3,29,9.666666667,24.02631579,-0.597663381,,,,,,,,,,,,,,,
2015,FSR,2015FSR21,nuc,502,5,2,7,3,6,216,72,24.02631579,1.996714129,,,,,,,,,,,,,,,
2015,FSR,2015FSR21,nuc,505,5,5,10,3,9,224,74.66666667,24.02631579,2.107703541,,,,,,,,,,,,,,,
2015,FSR,2015FSR21,nuc,508,5,8,13,3,12,97,32.33333333,24.02631579,0.345746623,,,,,,,,,,,,,,,
2015,FSR,2015FSR21,nuc,511,5,11,16,3,15,17,5.666666667,24.02631579,-0.764147499,,,,,,,,,,,,,,,
2015,FSR,2015FSR21,nuc,514,5,14,19,3,18,48,16,24.02631579,-0.334063527,,,,,,,,,,,,,,,
2015,FSR,2015FSR21,nuc,519,5,19,24,5,23,73,14.6,24.02631579,-0.392332968,,,,,,,,,,,,,,,
2015,FSR,2015FSR21,nuc,523,5,23,28,4,27,184,46,24.02631579,0.91456736,,,,,,,,,,,,,,,
2015,FSR,2015FSR21,nuc,527,5,27,32,4,31,10,2.5,24.02631579,-0.895947426,,,,,,,,,,,,,,,
2015,FSR,2015FSR21,nuc,603,6,3,39,7,38,15,2.142857143,24.02631579,-0.910812079,,,,,,,,,,,,,,,
2015,FSR,2015FSR27,full,429,4,29,4,3,3,49,16.33333333,59.36842105,-0.724881797,,,,,,,,,,,,,,,
2015,FSR,2015FSR27,full,502,5,2,7,3,6,679,226.3333333,59.36842105,2.812352246,,,,,,,,,,,,,,,
2015,FSR,2015FSR27,full,505,5,5,10,3,12,465,155,59.36842105,1.610815603,,,,,,,,,,,,,,,
2015,FSR,2015FSR27,full,508,5,8,13,3,15,174,58,59.36842105,-0.023049645,,,,,,,,,,,,,,,
2015,FSR,2015FSR27,full,511,5,11,16,3,9,213,71,59.36842105,0.195921986,,,,,,,,,,,,,,,
2015,FSR,2015FSR27,full,514,5,14,19,3,18,80,26.66666667,59.36842105,-0.550827423,,,,,,,,,,,,,,,
2015,FSR,2015FSR27,full,519,5,19,24,5,23,164,32.8,59.36842105,-0.44751773,,,,,,,,,,,,,,,
2015,FSR,2015FSR27,full,523,5,23,28,4,27,322,80.5,59.36842105,0.355939716,,,,,,,,,,,,,,,
2015,FSR,2015FSR27,full,527,5,27,32,4,31,37,9.25,59.36842105,-0.844193262,,,,,,,,,,,,,,,
2015,FSR,2015FSR27,full,603,6,3,39,7,38,73,10.42857143,59.36842105,-0.824341439,,,,,,,,,,,,,,,
2015,HR,2015HR5,package,429,4,29,4,3,3,6,2,13.36842105,-0.850393701,,,,,,,,,,,,,,,
2015,HR,2015HR5,package,502,5,2,7,3,6,25,8.333333333,13.36842105,-0.37664042,,,,,,,,,,,,,,,
2015,HR,2015HR5,package,505,5,5,10,3,9,60,20,13.36842105,0.496062992,,,,,,,,,,,,,,,
2015,HR,2015HR5,package,508,5,8,13,3,12,270,90,13.36842105,5.732283465,,,,,,,,,,,,,,,
2015,HR,2015HR5,package,511,5,11,16,3,15,36,12,13.36842105,-0.102362205,,,,,,,,,,,,,,,
2015,HR,2015HR5,package,514,5,14,19,3,18,32,10.66666667,13.36842105,-0.202099738,,,,,,,,,,,,,,,
2015,HR,2015HR5,package,519,5,19,24,5,23,13,2.6,13.36842105,-0.805511811,,,,,,,,,,,,,,,
2015,HR,2015HR5,package,523,5,23,28,4,27,32,8,13.36842105,-0.401574803,,,,,,,,,,,,,,,
2015,HR,2015HR5,package,527,5,27,32,4,31,9,2.25,13.36842105,-0.831692913,,,,,,,,,,,,,,,
2015,HR,2015HR5,package,603,6,3,39,7,38,25,3.571428571,13.36842105,-0.732845894,,,,,,,,,,,,,,,
2015,HR,2015HR6,package,429,4,29,4,3,3,15,5,24.81578947,-0.798515376,,,,,,,,,,,,,,,
2015,HR,2015HR6,package,502,5,2,7,3,6,19,6.333333333,24.81578947,-0.744786144,,,,,,,,,,,,,,,
2015,HR,2015HR6,package,505,5,5,10,3,9,61,20.33333333,24.81578947,-0.180629198,,,,,,,,,,,,,,,
2015,HR,2015HR6,package,508,5,8,13,3,12,416,138.6666667,24.81578947,4.587840226,,,,,,,,,,,,,,,
2015,HR,2015HR6,package,511,5,11,16,3,15,113,37.66666667,24.81578947,0.517850831,,,,,,,,,,,,,,,
2015,HR,2015HR6,package,514,5,14,19,3,18,156,52,24.81578947,1.095440085,,,,,,,,,,,,,,,
2015,HR,2015HR6,package,519,5,19,24,5,23,55,11,24.81578947,-0.556733828,,,,,,,,,,,,,,,
2015,HR,2015HR6,package,523,5,23,28,4,27,23,5.75,24.81578947,-0.768292683,,,,,,,,,,,,,,,
2015,HR,2015HR6,package,527,5,27,32,4,31,39,9.75,24.81578947,-0.607104984,,,,,,,,,,,,,,,
2015,HR,2015HR6,package,603,6,3,39,7,38,52,7.428571429,24.81578947,-0.700651416,,,,,,,,,,,,,,,
2015,HR,2015HR20,nuc,429,4,29,4,3,3,91,30.33333333,26,0.166666667,,,,,,,,,,,,,,,
2015,HR,2015HR20,nuc,502,5,2,7,3,6,80,26.66666667,26,0.025641026,,,,,,,,,,,,,,,
2015,HR,2015HR20,nuc,505,5,5,10,3,9,121,40.33333333,26,0.551282051,,,,,,,,,,,,,,,
2015,HR,2015HR20,nuc,508,5,8,13,3,12,370,123.3333333,26,3.743589744,,,,,,,,,,,,,,,
2015,HR,2015HR20,nuc,511,5,11,16,3,15,142,47.33333333,26,0.820512821,,,,,,,,,,,,,,,
2015,HR,2015HR20,nuc,514,5,14,19,3,18,63,21,26,-0.192307692,,,,,,,,,,,,,,,
2015,HR,2015HR20,nuc,519,5,19,24,5,23,18,3.6,26,-0.861538462,,,,,,,,,,,,,,,
2015,HR,2015HR20,nuc,523,5,23,28,4,27,50,12.5,26,-0.519230769,,,,,,,,,,,,,,,
2015,HR,2015HR20,nuc,527,5,27,32,4,31,24,6,26,-0.769230769,,,,,,,,,,,,,,,
2015,HR,2015HR20,nuc,603,6,3,39,7,38,29,4.142857143,26,-0.840659341,,,,,,,,,,,,,,,
2015,HR,2015HR51,full,429,4,29,4,3,3,55,18.33333333,7.625,1.404371585,,,,,,,,,,,,,,,
2015,HR,2015HR51,full,502,5,2,7,3,6,26,8.666666667,7.625,0.136612022,,,,,,,,,,,,,,,
2015,HR,2015HR51,full,505,5,5,10,3,9,16,5.333333333,7.625,-0.300546448,,,,,,,,,,,,,,,
2015,HR,2015HR51,full,508,5,8,13,3,12,48,16,7.625,1.098360656,,,,,,,,,,,,,,,
2015,HR,2015HR51,full,511,5,11,16,3,15,9,3,7.625,-0.606557377,,,,,,,,,,,,,,,
2015,HR,2015HR51,full,514,5,14,19,3,18,7,2.333333333,7.625,-0.693989071,,,,,,,,,,,,,,,
2015,HR,2015HR51,full,519,5,19,24,5,23,18,3.6,7.625,-0.527868852,,,,,,,,,,,,,,,
2015,HR,2015HR53,full,429,4,29,4,3,3,65,21.66666667,41.79166667,-0.481555334,,,,,,,,,,,,,,,
2015,HR,2015HR53,full,502,5,2,7,3,6,58,19.33333333,41.79166667,-0.537387836,,,,,,,,,,,,,,,
2015,HR,2015HR53,full,505,5,5,10,3,9,183,61,41.79166667,0.459621137,,,,,,,,,,,,,,,
2015,HR,2015HR53,full,508,5,8,13,3,12,278,92.66666667,41.79166667,1.217347956,,,,,,,,,,,,,,,
2015,HR,2015HR53,full,511,5,11,16,3,15,125,41.66666667,41.79166667,-0.002991027,,,,,,,,,,,,,,,
2015,HR,2015HR53,full,514,5,14,19,3,18,51,17,41.79166667,-0.593220339,,,,,,,,,,,,,,,
2015,HR,2015HR53,full,519,5,19,24,5,23,160,32,41.79166667,-0.234297109,,,,,,,,,,,,,,,
2015,HR,2015HR54,full,429,4,29,4,3,3,92,30.66666667,38.79166667,-0.209452202,,,,,,,,,,,,,,,
2015,HR,2015HR54,full,502,5,2,7,3,6,67,22.33333333,38.79166667,-0.424274973,,,,,,,,,,,,,,,
2015,HR,2015HR54,full,505,5,5,10,3,9,202,67.33333333,38.79166667,0.735767991,,,,,,,,,,,,,,,
2015,HR,2015HR54,full,508,5,8,13,3,12,238,79.33333333,38.79166667,1.045112782,,,,,,,,,,,,,,,
2015,HR,2015HR54,full,511,5,11,16,3,15,107,35.66666667,38.79166667,-0.080558539,,,,,,,,,,,,,,,
2015,HR,2015HR54,full,514,5,14,19,3,18,53,17.66666667,38.79166667,-0.544575725,,,,,,,,,,,,,,,
2015,HR,2015HR54,full,519,5,19,24,5,23,149,29.8,38.79166667,-0.23179377,,,,,,,,,,,,,,,
2015,IB,2015IB66,full,429,4,29,4,3,3,41,13.66666667,30.23684211,-0.548012765,,,,,,,,,,,,,,,
2015,IB,2015IB66,full,502,5,2,7,3,6,57,19,30.23684211,-0.371627502,,,,,,,,,,,,,,,
2015,IB,2015IB66,full,505,5,5,10,3,9,120,40,30.23684211,0.322889469,,,,,,,,,,,,,,,
2015,IB,2015IB66,full,508,5,8,13,3,12,172,57.33333333,30.23684211,0.896141572,,,,,,,,,,,,,,,
2015,IB,2015IB66,full,511,5,11,16,3,15,311,103.6666667,30.23684211,2.428488541,,,,,,,,,,,,,,,
2015,IB,2015IB66,full,514,5,14,19,3,18,37,12.33333333,30.23684211,-0.59210908,,,,,,,,,,,,,,,
2015,IB,2015IB66,full,519,5,19,24,5,23,77,15.4,30.23684211,-0.490687554,,,,,,,,,,,,,,,
2015,IB,2015IB66,full,523,5,23,28,4,27,130,32.5,30.23684211,0.074847694,,,,,,,,,,,,,,,
2015,IB,2015IB66,full,527,5,27,32,4,31,114,28.5,30.23684211,-0.057441253,,,,,,,,,,,,,,,
2015,IB,2015IB66,full,603,6,3,39,7,38,90,12.85714286,30.23684211,-0.574785528,,,,,,,,,,,,,,,
2015,IB,2015IB67,full,429,4,29,4,3,3,43,14.33333333,28,-0.488095238,,,,,,,,,,,,,,,
2015,IB,2015IB67,full,502,5,2,7,3,6,85,28.33333333,28,0.011904762,,,,,,,,,,,,,,,
2015,IB,2015IB67,full,505,5,5,10,3,9,212,70.66666667,28,1.523809524,,,,,,,,,,,,,,,
2015,IB,2015IB67,full,508,5,8,13,3,12,170,56.66666667,28,1.023809524,,,,,,,,,,,,,,,
2015,IB,2015IB67,full,511,5,11,16,3,15,38,12.66666667,28,-0.547619048,,,,,,,,,,,,,,,
2015,IB,2015IB67,full,514,5,14,19,3,18,25,8.333333333,28,-0.702380952,,,,,,,,,,,,,,,
2015,IB,2015IB67,full,519,5,19,24,5,23,15,3,28,-0.892857143,,,,,,,,,,,,,,,
2015,IB,2015IB67,full,523,5,23,28,4,27,137,34.25,28,0.223214286,,,,,,,,,,,,,,,
2015,IB,2015IB67,full,527,5,27,32,4,31,36,9,28,-0.678571429,,,,,,,,,,,,,,,
2015,IB,2015IB67,full,603,6,3,39,7,38,303,43.28571429,28,0.545918367,,,,,,,,,,,,,,,
2015,MB,2015MB10,package,430,4,30,5,4,4,64,16,22.52631579,-0.289719626,,,,,,,,,,,,,,,
2015,MB,2015MB10,package,502,5,2,7,2,6,63,31.5,22.52631579,0.398364486,,,,,,,,,,,,,,,
2015,MB,2015MB10,package,505,5,5,10,3,9,189,63,22.52631579,1.796728972,,,,,,,,,,,,,,,
2015,MB,2015MB10,package,508,5,8,13,3,12,76,25.33333333,22.52631579,0.124610592,,,,,,,,,,,,,,,
2015,MB,2015MB10,package,511,5,11,16,3,15,93,31,22.52631579,0.376168224,,,,,,,,,,,,,,,
2015,MB,2015MB10,package,514,5,14,19,3,18,60,20,22.52631579,-0.112149533,,,,,,,,,,,,,,,
2015,MB,2015MB10,package,519,5,19,24,5,23,64,12.8,22.52631579,-0.431775701,,,,,,,,,,,,,,,
2015,MB,2015MB10,package,523,5,23,28,4,27,93,23.25,22.52631579,0.032126168,,,,,,,,,,,,,,,
2015,MB,2015MB10,package,527,5,27,32,4,31,74,18.5,22.52631579,-0.178738318,,,,,,,,,,,,,,,
2015,MB,2015MB10,package,603,6,3,39,7,38,80,11.42857143,22.52631579,-0.492656876,,,,,,,,,,,,,,,
2015,MB,2015MB11,package,430,4,30,5,4,4,60,15,22.5,-0.333333333,,,,,,,,,,,,,,,
2015,MB,2015MB11,package,502,5,2,7,2,6,51,25.5,22.5,0.133333333,,,,,,,,,,,,,,,
2015,MB,2015MB11,package,505,5,5,10,3,9,279,93,22.5,3.133333333,,,,,,,,,,,,,,,
2015,MB,2015MB11,package,508,5,8,13,3,12,54,18,22.5,-0.2,,,,,,,,,,,,,,,
2015,MB,2015MB11,package,511,5,11,16,3,15,87,29,22.5,0.288888889,,,,,,,,,,,,,,,
2015,MB,2015MB11,package,514,5,14,19,3,18,57,19,22.5,-0.155555556,,,,,,,,,,,,,,,
2015,MB,2015MB11,package,519,5,19,24,5,23,82,16.4,22.5,-0.271111111,,,,,,,,,,,,,,,
2015,MB,2015MB11,package,523,5,23,28,4,27,30,7.5,22.5,-0.666666667,,,,,,,,,,,,,,,
2015,MB,2015MB11,package,527,5,27,32,4,31,38,9.5,22.5,-0.577777778,,,,,,,,,,,,,,,
2015,MB,2015MB11,package,603,6,3,39,7,38,117,16.71428571,22.5,-0.257142857,,,,,,,,,,,,,,,
2015,MB,2015MB23,nuc,430,4,30,5,4,4,57,14.25,28.07894737,-0.492502343,,,,,,,,,,,,,,,
2015,MB,2015MB23,nuc,502,5,2,7,2,6,61,30.5,28.07894737,0.086223055,,,,,,,,,,,,,,,
2015,MB,2015MB23,nuc,505,5,5,10,3,9,244,81.33333333,28.07894737,1.896594814,,,,,,,,,,,,,,,
2015,MB,2015MB23,nuc,508,5,8,13,3,12,50,16.66666667,28.07894737,-0.406435489,,,,,,,,,,,,,,,
2015,MB,2015MB23,nuc,511,5,11,16,3,15,106,35.33333333,28.07894737,0.258356764,,,,,,,,,,,,,,,
2015,MB,2015MB23,nuc,514,5,14,19,3,18,105,35,28.07894737,0.246485473,,,,,,,,,,,,,,,
2015,MB,2015MB23,nuc,519,5,19,24,5,23,104,20.8,28.07894737,-0.25923149,,,,,,,,,,,,,,,
2015,MB,2015MB23,nuc,523,5,23,28,4,27,109,27.25,28.07894737,-0.029522024,,,,,,,,,,,,,,,
2015,MB,2015MB23,nuc,527,5,27,32,4,31,54,13.5,28.07894737,-0.519212746,,,,,,,,,,,,,,,
2015,MB,2015MB23,nuc,603,6,3,39,7,38,177,25.28571429,28.07894737,-0.099477842,,,,,,,,,,,,,,,
2015,MB,2015MB36,full,430,4,30,5,4,4,98,24.5,34.92105263,-0.298417483,,,,,,,,,,,,,,,
2015,MB,2015MB36,full,502,5,2,7,2,6,83,41.5,34.92105263,0.188394876,,,,,,,,,,,,,,,
2015,MB,2015MB36,full,505,5,5,10,3,9,195,65,34.92105263,0.861341372,,,,,,,,,,,,,,,
2015,MB,2015MB36,full,508,5,8,13,3,12,58,19.33333333,34.92105263,-0.446370259,,,,,,,,,,,,,,,
2015,MB,2015MB36,full,511,5,11,16,3,15,118,39.33333333,34.92105263,0.126350163,,,,,,,,,,,,,,,
2015,MB,2015MB36,full,514,5,14,19,3,18,123,41,34.92105263,0.174076865,,,,,,,,,,,,,,,
2015,MB,2015MB36,full,519,5,19,24,5,23,87,17.4,34.92105263,-0.501733233,,,,,,,,,,,,,,,
2015,MB,2015MB36,full,523,5,23,28,4,27,153,38.25,34.92105263,0.095327807,,,,,,,,,,,,,,,
2015,MB,2015MB36,full,527,5,27,32,4,31,278,69.5,34.92105263,0.990203466,,,,,,,,,,,,,,,
2015,MB,2015MB36,full,603,6,3,39,7,38,134,19.14285714,34.92105263,-0.451824739,,,,,,,,,,,,,,,
2015,MM,2015MM1,package,429,4,29,4,3,3,11,3.666666667,12.71052632,-0.71152519,,,,,,,,,,,,,,,
2015,MM,2015MM1,package,502,5,2,7,3,6,52,17.33333333,12.71052632,0.363699103,,,,,,,,,,,,,,,
2015,MM,2015MM1,package,505,5,5,10,3,9,76,25.33333333,12.71052632,0.993098689,,,,,,,,,,,,,,,
2015,MM,2015MM1,package,508,5,8,13,3,12,64,21.33333333,12.71052632,0.678398896,,,,,,,,,,,,,,,
2015,MM,2015MM1,package,511,5,11,16,3,15,51,17,12.71052632,0.33747412,,,,,,,,,,,,,,,
2015,MM,2015MM1,package,514,5,14,19,3,18,25,8.333333333,12.71052632,-0.344375431,,,,,,,,,,,,,,,
2015,MM,2015MM1,package,519,5,19,24,5,23,44,8.8,12.71052632,-0.307660455,,,,,,,,,,,,,,,
2015,MM,2015MM1,package,523,5,23,28,4,27,43,10.75,12.71052632,-0.154244306,,,,,,,,,,,,,,,
2015,MM,2015MM1,package,527,5,27,32,4,31,49,12.25,12.71052632,-0.036231884,,,,,,,,,,,,,,,
2015,MM,2015MM1,package,603,6,3,39,7,38,68,9.714285714,12.71052632,-0.235729074,,,,,,,,,,,,,,,
2015,MM,2015MM2,package,429,4,29,4,3,3,14,4.666666667,13.23684211,-0.647448641,,,,,,,,,,,,,,,
2015,MM,2015MM2,package,502,5,2,7,3,6,31,10.33333333,13.23684211,-0.219350563,,,,,,,,,,,,,,,
2015,MM,2015MM2,package,505,5,5,10,3,9,78,26,13.23684211,0.964214712,,,,,,,,,,,,,,,
2015,MM,2015MM2,package,508,5,8,13,3,12,86,28.66666667,13.23684211,1.165672631,,,,,,,,,,,,,,,
2015,MM,2015MM2,package,511,5,11,16,3,15,56,18.66666667,13.23684211,0.410205434,,,,,,,,,,,,,,,
2015,MM,2015MM2,package,514,5,14,19,3,18,29,9.666666667,13.23684211,-0.269715043,,,,,,,,,,,,,,,
2015,MM,2015MM2,package,519,5,19,24,5,23,61,12.2,13.23684211,-0.07833002,,,,,,,,,,,,,,,
2015,MM,2015MM2,package,523,5,23,28,4,27,56,14,13.23684211,0.057654076,,,,,,,,,,,,,,,
2015,MM,2015MM2,package,527,5,27,32,4,31,28,7,13.23684211,-0.471172962,,,,,,,,,,,,,,,
2015,MM,2015MM2,package,603,6,3,39,7,38,64,9.142857143,13.23684211,-0.309287134,,,,,,,,,,,,,,,
2015,MM,2015MM16,nuc,429,4,29,4,3,3,63,21,17.15789474,0.22392638,,,,,,,,,,,,,,,
2015,MM,2015MM16,nuc,502,5,2,7,3,6,27,9,17.15789474,-0.475460123,,,,,,,,,,,,,,,
2015,MM,2015MM16,nuc,505,5,5,10,3,9,161,53.66666667,17.15789474,2.127811861,,,,,,,,,,,,,,,
2015,MM,2015MM16,nuc,508,5,8,13,3,12,104,34.66666667,17.15789474,1.020449898,,,,,,,,,,,,,,,
2015,MM,2015MM16,nuc,511,5,11,16,3,15,73,24.33333333,17.15789474,0.418200409,,,,,,,,,,,,,,,
2015,MM,2015MM16,nuc,514,5,14,19,3,18,49,16.33333333,17.15789474,-0.04805726,,,,,,,,,,,,,,,
2015,MM,2015MM16,nuc,519,5,19,24,5,23,44,8.8,17.15789474,-0.487116564,,,,,,,,,,,,,,,
2015,MM,2015MM16,nuc,523,5,23,28,4,27,51,12.75,17.15789474,-0.25690184,,,,,,,,,,,,,,,
2015,MM,2015MM16,nuc,527,5,27,32,4,31,55,13.75,17.15789474,-0.198619632,,,,,,,,,,,,,,,
2015,MM,2015MM16,nuc,603,6,3,39,7,38,25,3.571428571,17.15789474,-0.791849255,,,,,,,,,,,,,,,
2015,MM,2015MM37,full,429,4,29,4,3,3,80,26.66666667,15.21052632,0.753171857,,,,,,,,,,,,,,,
2015,MM,2015MM37,full,502,5,2,7,3,6,72,24,15.21052632,0.577854671,,,,,,,,,,,,,,,
2015,MM,2015MM37,full,505,5,5,10,3,9,85,28.33333333,15.21052632,0.862745098,,,,,,,,,,,,,,,
2015,MM,2015MM37,full,508,5,8,13,3,12,66,22,15.21052632,0.446366782,,,,,,,,,,,,,,,
2015,MM,2015MM37,full,511,5,11,16,3,15,55,18.33333333,15.21052632,0.205305652,,,,,,,,,,,,,,,
2015,MM,2015MM37,full,514,5,14,19,3,18,37,12.33333333,15.21052632,-0.189158016,,,,,,,,,,,,,,,
2015,MM,2015MM37,full,519,5,19,24,5,23,40,8,15.21052632,-0.474048443,,,,,,,,,,,,,,,
2015,MM,2015MM37,full,523,5,23,28,4,27,55,13.75,15.21052632,-0.096020761,,,,,,,,,,,,,,,
2015,MM,2015MM37,full,527,5,27,32,4,31,54,13.5,15.21052632,-0.112456747,,,,,,,,,,,,,,,
2015,MM,2015MM37,full,603,6,3,39,7,38,34,4.857142857,15.21052632,-0.680672269,,,,,,,,,,,,,,,
2015,MM,2015MM39,full,429,4,29,4,3,3,42,14,17.21052632,-0.186544343,,,,,,,,,,,,,,,
2015,MM,2015MM39,full,502,5,2,7,3,6,81,27,17.21052632,0.568807339,,,,,,,,,,,,,,,
2015,MM,2015MM39,full,505,5,5,10,3,9,243,81,17.21052632,3.706422018,,,,,,,,,,,,,,,
2015,MM,2015MM39,full,508,5,8,13,3,12,130,43.33333333,17.21052632,1.51783894,,,,,,,,,,,,,,,
2015,MM,2015MM39,full,511,5,11,16,3,15,31,10.33333333,17.21052632,-0.399592253,,,,,,,,,,,,,,,
2015,MM,2015MM39,full,514,5,14,19,3,18,14,4.666666667,17.21052632,-0.728848114,,,,,,,,,,,,,,,
2015,MM,2015MM39,full,519,5,19,24,5,23,20,4,17.21052632,-0.767584098,,,,,,,,,,,,,,,
2015,MM,2015MM39,full,523,5,23,28,4,27,38,9.5,17.21052632,-0.448012232,,,,,,,,,,,,,,,
2015,MM,2015MM39,full,527,5,27,32,4,31,27,6.75,17.21052632,-0.607798165,,,,,,,,,,,,,,,
2015,MM,2015MM39,full,603,6,3,39,7,38,28,4,17.21052632,-0.767584098,,,,,,,,,,,,,,,
2015,MM,2015MM40,full,429,4,29,4,3,3,86,28.66666667,23.07894737,0.242113265,,,,,,,,,,,,,,,
2015,MM,2015MM40,full,502,5,2,7,3,6,53,17.66666667,23.07894737,-0.234511593,,,,,,,,,,,,,,,
2015,MM,2015MM40,full,505,5,5,10,3,9,151,50.33333333,23.07894737,1.180919802,,,,,,,,,,,,,,,
2015,MM,2015MM40,full,508,5,8,13,3,12,124,41.33333333,23.07894737,0.79095401,,,,,,,,,,,,,,,
2015,MM,2015MM40,full,511,5,11,16,3,15,145,48.33333333,23.07894737,1.094260737,,,,,,,,,,,,,,,
2015,MM,2015MM40,full,514,5,14,19,3,18,29,9.666666667,23.07894737,-0.581147853,,,,,,,,,,,,,,,
2015,MM,2015MM40,full,519,5,19,24,5,23,168,33.6,23.07894737,0.455872292,,,,,,,,,,,,,,,
2015,MM,2015MM40,full,523,5,23,28,4,27,66,16.5,23.07894737,-0.285062714,,,,,,,,,,,,,,,
2015,MM,2015MM40,full,527,5,27,32,4,31,23,5.75,23.07894737,-0.750855188,,,,,,,,,,,,,,,
2015,MM,2015MM40,full,603,6,3,39,7,38,32,4.571428571,23.07894737,-0.801922137,,,,,,,,,,,,,,,
2015,SC,2015SC3,package,429,4,29,4,3,3,26,8.666666667,10.65789474,-0.186831276,,,,,,,,,,,,,,,
2015,SC,2015SC3,package,502,5,2,7,3,6,26,8.666666667,10.65789474,-0.186831276,,,,,,,,,,,,,,,
2015,SC,2015SC3,package,505,5,5,10,3,9,49,16.33333333,10.65789474,0.532510288,,,,,,,,,,,,,,,
2015,SC,2015SC3,package,508,5,8,13,3,12,94,31.33333333,10.65789474,1.939917695,,,,,,,,,,,,,,,
2015,SC,2015SC3,package,511,5,11,16,3,15,25,8.333333333,10.65789474,-0.218106996,,,,,,,,,,,,,,,
2015,SC,2015SC3,package,514,5,14,19,3,18,62,20.66666667,10.65789474,0.93909465,,,,,,,,,,,,,,,
2015,SC,2015SC3,package,519,5,19,24,5,23,41,8.2,10.65789474,-0.230617284,,,,,,,,,,,,,,,
2015,SC,2015SC3,package,523,5,23,28,4,27,43,10.75,10.65789474,0.008641975,,,,,,,,,,,,,,,
2015,SC,2015SC3,package,527,5,27,32,4,31,21,5.25,10.65789474,-0.507407407,,,,,,,,,,,,,,,
2015,SC,2015SC3,package,603,6,3,39,7,38,18,2.571428571,10.65789474,-0.758730159,,,,,,,,,,,,,,,
2015,SC,2015SC4,package,429,4,29,4,3,3,17,5.666666667,9.736842105,-0.418018018,,,,,,,,,,,,,,,
2015,SC,2015SC4,package,502,5,2,7,3,6,30,10,9.736842105,0.027027027,,,,,,,,,,,,,,,
2015,SC,2015SC4,package,505,5,5,10,3,9,29,9.666666667,9.736842105,-0.007207207,,,,,,,,,,,,,,,
2015,SC,2015SC4,package,508,5,8,13,3,12,39,13,9.736842105,0.335135135,,,,,,,,,,,,,,,
2015,SC,2015SC4,package,511,5,11,16,3,15,39,13,9.736842105,0.335135135,,,,,,,,,,,,,,,
2015,SC,2015SC4,package,514,5,14,19,3,18,44,14.66666667,9.736842105,0.506306306,,,,,,,,,,,,,,,
2015,SC,2015SC4,package,519,5,19,24,5,23,26,5.2,9.736842105,-0.465945946,,,,,,,,,,,,,,,
2015,SC,2015SC4,package,523,5,23,28,4,27,97,24.25,9.736842105,1.490540541,,,,,,,,,,,,,,,
2015,SC,2015SC4,package,527,5,27,32,4,31,24,6,9.736842105,-0.383783784,,,,,,,,,,,,,,,
2015,SC,2015SC4,package,603,6,3,39,7,38,25,3.571428571,9.736842105,-0.633204633,,,,,,,,,,,,,,,
2015,SC,2015SC17,nuc,429,4,29,4,3,3,36,12,11.13157895,0.078014184,,,,,,,,,,,,,,,
2015,SC,2015SC17,nuc,502,5,2,7,3,6,21,7,11.13157895,-0.371158392,,,,,,,,,,,,,,,
2015,SC,2015SC17,nuc,505,5,5,10,3,9,42,14,11.13157895,0.257683215,,,,,,,,,,,,,,,
2015,SC,2015SC17,nuc,508,5,8,13,3,12,68,22.66666667,11.13157895,1.036249015,,,,,,,,,,,,,,,
2015,SC,2015SC17,nuc,511,5,11,16,3,15,57,19,11.13157895,0.706855792,,,,,,,,,,,,,,,
2015,SC,2015SC17,nuc,514,5,14,19,3,18,18,6,11.13157895,-0.460992908,,,,,,,,,,,,,,,
2015,SC,2015SC17,nuc,519,5,19,24,5,23,38,7.6,11.13157895,-0.317257683,,,,,,,,,,,,,,,
2015,SC,2015SC17,nuc,523,5,23,28,4,27,59,14.75,11.13157895,0.325059102,,,,,,,,,,,,,,,
2015,SC,2015SC17,nuc,527,5,27,32,4,31,58,14.5,11.13157895,0.302600473,,,,,,,,,,,,,,,
2015,SC,2015SC17,nuc,603,6,3,39,7,38,26,3.714285714,11.13157895,-0.666328943,,,,,,,,,,,,,,,
2015,SC,2015SC45,full,429,4,29,4,3,3,74,24.66666667,35.65789474,-0.308241082,,,,,,,,,,,,,,,
2015,SC,2015SC45,full,502,5,2,7,3,6,281,93.66666667,35.65789474,1.626814268,,,,,,,,,,,,,,,
2015,SC,2015SC45,full,505,5,5,10,3,9,221,73.66666667,35.65789474,1.065928659,,,,,,,,,,,,,,,
2015,SC,2015SC45,full,508,5,8,13,3,12,219,73,35.65789474,1.047232472,,,,,,,,,,,,,,,
2015,SC,2015SC45,full,511,5,11,16,3,15,103,34.33333333,35.65789474,-0.037146371,,,,,,,,,,,,,,,
2015,SC,2015SC45,full,514,5,14,19,3,18,62,20.66666667,35.65789474,-0.420418204,,,,,,,,,,,,,,,
2015,SC,2015SC45,full,519,5,19,24,5,23,128,25.6,35.65789474,-0.282066421,,,,,,,,,,,,,,,
2015,SC,2015SC45,full,523,5,23,28,4,27,164,41,35.65789474,0.149815498,,,,,,,,,,,,,,,
2015,SC,2015SC45,full,527,5,27,32,4,31,44,11,35.65789474,-0.691512915,,,,,,,,,,,,,,,
2015,SC,2015SC45,full,603,6,3,39,7,38,59,8.428571429,35.65789474,-0.763626779,,,,,,,,,,,,,,,
2015,SC,2015SC48,full,429,4,29,4,3,3,37,12.33333333,8.5,0.450980392,,,,,,,,,,,,,,,
2015,SC,2015SC48,full,502,5,2,7,3,6,27,9,8.5,0.058823529,,,,,,,,,,,,,,,
2015,SC,2015SC48,full,505,5,5,10,3,9,59,19.66666667,8.5,1.31372549,,,,,,,,,,,,,,,
2015,SC,2015SC48,full,508,5,8,13,3,12,9,3,8.5,-0.647058824,,,,,,,,,,,,,,,
2015,SC,2015SC48,full,511,5,11,16,3,15,16,5.333333333,8.5,-0.37254902,,,,,,,,,,,,,,,
2015,SC,2015SC48,full,514,5,14,19,3,18,7,2.333333333,8.5,-0.725490196,,,,,,,,,,,,,,,
2015,SC,2015SC48,full,519,5,19,24,5,23,23,4.6,8.5,-0.458823529,,,,,,,,,,,,,,,
2015,SC,2015SC48,full,523,5,23,28,4,27,108,27,8.5,2.176470588,,,,,,,,,,,,,,,
2015,SC,2015SC48,full,527,5,27,32,4,31,2,0.5,8.5,-0.941176471,,,,,,,,,,,,,,,
2015,SC,2015SC48,full,603,6,3,39,7,38,35,5,8.5,-0.411764706,,,,,,,,,,,,,,,
2015,SC,2015SC49,full,429,4,29,4,3,3,15,5,12.5,-0.6,,,,,,,,,,,,,,,
2015,SC,2015SC49,full,502,5,2,7,3,6,73,24.33333333,12.5,0.946666667,,,,,,,,,,,,,,,
2015,SC,2015SC49,full,505,5,5,10,3,9,49,16.33333333,12.5,0.306666667,,,,,,,,,,,,,,,
2015,SC,2015SC49,full,508,5,8,13,3,12,66,22,12.5,0.76,,,,,,,,,,,,,,,
2015,SC,2015SC49,full,511,5,11,16,3,15,27,9,12.5,-0.28,,,,,,,,,,,,,,,
2015,SC,2015SC49,full,514,5,14,19,3,18,21,7,12.5,-0.44,,,,,,,,,,,,,,,
2015,SC,2015SC49,full,519,5,19,24,5,23,22,4.4,12.5,-0.648,,,,,,,,,,,,,,,
2015,SC,2015SC49,full,523,5,23,28,4,27,83,20.75,12.5,0.66,,,,,,,,,,,,,,,
2015,SC,2015SC49,full,527,5,27,32,4,31,29,7.25,12.5,-0.42,,,,,,,,,,,,,,,
2015,SC,2015SC49,full,603,6,3,39,7,38,90,12.85714286,12.5,0.028571429,,,,,,,,,,,,,,,
2015,TV,2015TV62,full,429,4,29,4,3,3,91,30.33333333,31.28947368,-0.030557892,,,,,,,,,,,,,,,
2015,TV,2015TV62,full,502,5,2,7,3,6,65,21.66666667,31.28947368,-0.307541351,,,,,,,,,,,,,,,
2015,TV,2015TV62,full,505,5,5,10,3,9,235,78.33333333,31.28947368,1.503504345,,,,,,,,,,,,,,,
2015,TV,2015TV62,full,508,5,8,13,3,12,179,59.66666667,31.28947368,0.906924586,,,,,,,,,,,,,,,
2015,TV,2015TV62,full,511,5,11,16,3,15,110,36.66666667,31.28947368,0.171853098,,,,,,,,,,,,,,,
2015,TV,2015TV62,full,514,5,14,19,3,18,89,29.66666667,31.28947368,-0.051864312,,,,,,,,,,,,,,,
2015,TV,2015TV62,full,519,5,19,24,5,23,109,21.8,31.28947368,-0.303280067,,,,,,,,,,,,,,,
2015,TV,2015TV62,full,523,5,23,28,4,27,118,29.5,31.28947368,-0.057190917,,,,,,,,,,,,,,,
2015,TV,2015TV62,full,527,5,27,32,4,31,72,18,31.28947368,-0.424726661,,,,,,,,,,,,,,,
2015,TV,2015TV62,full,603,6,3,39,7,38,121,17.28571429,31.28947368,-0.447554968,,,,,,,,,,,,,,,
2015,TV,2015TV63,full,429,4,29,4,3,3,247,82.33333333,106.4473684,-0.226534817,,,,,,,,,,,,,,,
2015,TV,2015TV63,full,502,5,2,7,3,6,204,68,106.4473684,-0.36118665,,,,,,,,,,,,,,,
2015,TV,2015TV63,full,505,5,5,10,3,9,1301,433.6666667,106.4473684,3.074000824,,,,,,,,,,,,,,,
2015,TV,2015TV63,full,508,5,8,13,3,12,605,201.6666667,106.4473684,0.894519984,,,,,,,,,,,,,,,
2015,TV,2015TV63,full,511,5,11,16,3,15,337,112.3333333,106.4473684,0.055294602,,,,,,,,,,,,,,,
2015,TV,2015TV63,full,514,5,14,19,3,18,265,88.33333333,106.4473684,-0.170168933,,,,,,,,,,,,,,,
2015,TV,2015TV63,full,519,5,19,24,5,23,348,69.6,106.4473684,-0.346155748,,,,,,,,,,,,,,,
2015,TV,2015TV63,full,523,5,23,28,4,27,197,49.25,106.4473684,-0.537330037,,,,,,,,,,,,,,,
2015,TV,2015TV63,full,527,5,27,32,4,31,179,44.75,106.4473684,-0.57960445,,,,,,,,,,,,,,,
2015,TV,2015TV63,full,603,6,3,39,7,38,362,51.71428571,106.4473684,-0.514179763,,,,,,,,,,,,,,,
2015,WB,2015WB12,package,430,4,30,5,4,4,13,3.25,10.13157895,-0.679220779,,,,,,,,,,,,,,,
2015,WB,2015WB12,package,502,5,2,7,2,6,22,11,10.13157895,0.085714286,,,,,,,,,,,,,,,
2015,WB,2015WB12,package,505,5,5,10,3,9,28,9.333333333,10.13157895,-0.078787879,,,,,,,,,,,,,,,
2015,WB,2015WB12,package,508,5,8,13,3,12,42,14,10.13157895,0.381818182,,,,,,,,,,,,,,,
2015,WB,2015WB12,package,511,5,11,16,3,15,26,8.666666667,10.13157895,-0.144588745,,,,,,,,,,,,,,,
2015,WB,2015WB12,package,514,5,14,19,3,18,34,11.33333333,10.13157895,0.118614719,,,,,,,,,,,,,,,
2015,WB,2015WB12,package,519,5,19,24,5,23,19,3.8,10.13157895,-0.624935065,,,,,,,,,,,,,,,
2015,WB,2015WB12,package,523,5,23,28,4,27,97,24.25,10.13157895,1.393506494,,,,,,,,,,,,,,,
2015,WB,2015WB12,package,527,5,27,32,4,31,39,9.75,10.13157895,-0.037662338,,,,,,,,,,,,,,,
2015,WB,2015WB12,package,603,6,3,39,7,38,65,9.285714286,10.13157895,-0.083487941,,,,,,,,,,,,,,,
2015,WB,2015WB13,package,430,4,30,5,4,4,29,7.25,9.710526316,-0.253387534,,,,,,,,,,,,,,,
2015,WB,2015WB13,package,502,5,2,7,2,6,32,16,9.710526316,0.647696477,,,,,,,,,,,,,,,
2015,WB,2015WB13,package,505,5,5,10,3,9,47,15.66666667,9.710526316,0.613369467,,,,,,,,,,,,,,,
2015,WB,2015WB13,package,508,5,8,13,3,12,49,16.33333333,9.710526316,0.682023487,,,,,,,,,,,,,,,
2015,WB,2015WB13,package,511,5,11,16,3,15,29,9.666666667,9.710526316,-0.004516712,,,,,,,,,,,,,,,
2015,WB,2015WB13,package,514,5,14,19,3,18,46,15.33333333,9.710526316,0.579042457,,,,,,,,,,,,,,,
2015,WB,2015WB13,package,519,5,19,24,5,23,18,3.6,9.710526316,-0.629268293,,,,,,,,,,,,,,,
2015,WB,2015WB13,package,523,5,23,28,4,27,29,7.25,9.710526316,-0.253387534,,,,,,,,,,,,,,,
2015,WB,2015WB13,package,527,5,27,32,4,31,25,6.25,9.710526316,-0.356368564,,,,,,,,,,,,,,,
2015,WB,2015WB13,package,603,6,3,39,7,38,65,9.285714286,9.710526316,-0.04374758,,,,,,,,,,,,,,,
2015,WB,2015WB26,nuc,430,4,30,5,4,4,10,2.5,5.368421053,-0.534313725,,,,,,,,,,,,,,,
2015,WB,2015WB26,nuc,502,5,2,7,2,6,7,3.5,5.368421053,-0.348039216,,,,,,,,,,,,,,,
2015,WB,2015WB26,nuc,505,5,5,10,3,9,11,3.666666667,5.368421053,-0.316993464,,,,,,,,,,,,,,,
2015,WB,2015WB26,nuc,508,5,8,13,3,12,20,6.666666667,5.368421053,0.241830065,,,,,,,,,,,,,,,
2015,WB,2015WB26,nuc,511,5,11,16,3,15,19,6.333333333,5.368421053,0.179738562,,,,,,,,,,,,,,,
2015,WB,2015WB26,nuc,514,5,14,19,3,18,36,12,5.368421053,1.235294118,,,,,,,,,,,,,,,
2015,WB,2015WB26,nuc,519,5,19,24,5,23,51,10.2,5.368421053,0.9,,,,,,,,,,,,,,,
2015,WB,2015WB26,nuc,523,5,23,28,4,27,26,6.5,5.368421053,0.210784314,,,,,,,,,,,,,,,
2015,WB,2015WB26,nuc,527,5,27,32,4,31,5,1.25,5.368421053,-0.767156863,,,,,,,,,,,,,,,
2015,WB,2015WB26,nuc,603,6,3,39,7,38,19,2.714285714,5.368421053,-0.494397759,,,,,,,,,,,,,,,
2015,WB,2015WB28,full,430,4,30,5,4,4,92,23,32.71052632,-0.29686243,,,,,,,,,,,,,,,
2015,WB,2015WB28,full,502,5,2,7,2,6,107,53.5,32.71052632,0.635559131,,,,,,,,,,,,,,,
2015,WB,2015WB28,full,505,5,5,10,3,9,172,57.33333333,32.71052632,0.752748726,,,,,,,,,,,,,,,
2015,WB,2015WB28,full,508,5,8,13,3,12,162,54,32.71052632,0.65084473,,,,,,,,,,,,,,,
2015,WB,2015WB28,full,511,5,11,16,3,15,314,104.6666667,32.71052632,2.199785465,,,,,,,,,,,,,,,
2015,WB,2015WB28,full,514,5,14,19,3,18,126,42,32.71052632,0.283990346,,,,,,,,,,,,,,,
2015,WB,2015WB28,full,519,5,19,24,5,23,71,14.2,32.71052632,-0.565888978,,,,,,,,,,,,,,,
2015,WB,2015WB28,full,523,5,23,28,4,27,140,35,32.71052632,0.069991955,,,,,,,,,,,,,,,
2015,WB,2015WB28,full,527,5,27,32,4,31,9,2.25,32.71052632,-0.931214803,,,,,,,,,,,,,,,
2015,WB,2015WB28,full,603,6,3,39,7,38,50,7.142857143,32.71052632,-0.781634295,,,,,,,,,,,,,,,
,,,,,,,,,,,,,,,,,,,,,,,,,,,,
,,,,,,,,,,,,,,,,,,,,,,,,,,,,
,,,,,,,,,,,,,,,,,,,,,,,,,,,,
,,,,,,,,,,,,,,,,,,,,,,,,,,,,
,,,,,,,,,,,,,,,,,,,,,,,,,,,,
,,,,,,,,,,,,,,,,,,,,,,,,,,,,
,,,,,,,,,,,,,,,,,,,,,,,,,,,,
,,,,,,,,,,,,,,,,,,,,,,,,,,,,
,,,,,,,,,,,,,,,,,,,,,,,,,,,,
,,,,,,,,,,,,,,,,,,,,,,,,,,,,
,,,,,,,,,,,,,,,,,,,,,,,,,,,,
,,,,,,,,,,,,,,,,,,,,,,,,,,,,
,,,,,,,,,,,,,,,,,,,,,,,,,,,,
,,,,,,,,,,,,,,,,,,,,,,,,,,,,
,,,,,,,,,,,,,,,,,,,,,,,,,,,,
,,,,,,,,,,,,,,,,,,,,,,,,,,,,
,,,,,,,,,,,,,,,,,,,,,,,,,,,,
,,,,,,,,,,,,,,,,,,,,,,,,,,,,
,,,,,,,,,,,,,,,,,,,,,,,,,,,,
,,,,,,,,,,,,,,,,,,,,,,,,,,,,
,,,,,,,,,,,,,,,,,,,,,,,,,,,,
,,,,,,,,,,,,,,,,,,,,,,,,,,,,
,,,,,,,,,,,,,,,,,,,,,,,,,,,,
,,,,,,,,,,,,,,,,,,,,,,,,,,,,
,,,,,,,,,,,,,,,,,,,,,,,,,,,,
,,,,,,,,,,,,,,,,,,,,,,,,,,,,
,,,,,,,,,,,,,,,,,,,,,,,,,,,,
,,,,,,,,,,,,,,,,,,,,,,,,,,,,
,,,,,,,,,,,,,,,,,,,,,,,,,,,,
,,,,,,,,,,,,,,,,,,,,,,,,,,,,
,,,,,,,,,,,,,,,,,,,,,,,,,,,,
,,,,,,,,,,,,,,,,,,,,,,,,,,,,
,,,,,,,,,,,,,,,,,,,,,,,,,,,,
,,,,,,,,,,,,,,,,,,,,,,,,,,,,
,,,,,,,,,,,,,,,,,,,,,,,,,,,,
,,,,,,,,,,,,,,,,,,,,,,,,,,,,
,,,,,,,,,,,,,,,,,,,,,,,,,,,,
,,,,,,,,,,,,,,,,,,,,,,,,,,,,
,,,,,,,,,,,,,,,,,,,,,,,,,,,,
,,,,,,,,,,,,,,,,,,,,,,,,,,,,
,,,,,,,,,,,,,,,,,,,,,,,,,,,,
,,,,,,,,,,,,,,,,,,,,,,,,,,,,
,,,,,,,,,,,,,,,,,,,,,,,,,,,,
,,,,,,,,,,,,,,,,,,,,,,,,,,,,
,,,,,,,,,,,,,,,,,,,,,,,,,,,,
,,,,,,,,,,,,,,,,,,,,,,,,,,,,
,,,,,,,,,,,,,,,,,,,,,,,,,,,,
,,,,,,,,,,,,,,,,,,,,,,,,,,,,
,,,,,,,,,,,,,,,,,,,,,,,,,,,,
,,,,,,,,,,,,,,,,,,,,,,,,,,,,
,,,,,,,,,,,,,,,,,,,,,,,,,,,,
,,,,,,,,,,,,,,,,,,,,,,,,,,,,
,,,,,,,,,,,,,,,,,,,,,,,,,,,,
,,,,,,,,,,,,,,,,,,,,,,,,,,,,
,,,,,,,,,,,,,,,,,,,,,,,,,,,,
,,,,,,,,,,,,,,,,,,,,,,,,,,,,
,,,,,,,,,,,,,,,,,,,,,,,,,,,,
,,,,,,,,,,,,,,,,,,,,,,,,,,,,
,,,,,,,,,,,,,,,,,,,,,,,,,,,,
,,,,,,,,,,,,,,,,,,,,,,,,,,,,
,,,,,,,,,,,,,,,,,,,,,,,,,,,,
,,,,,,,,,,,,,,,,,,,,,,,,,,,,
,,,,,,,,,,,,,,,,,,,,,,,,,,,,
,,,,,,,,,,,,,,,,,,,,,,,,,,,,
,,,,,,,,,,,,,,,,,,,,,,,,,,,,
,,,,,,,,,,,,,,,,,,,,,,,,,,,,
,,,,,,,,,,,,,,,,,,,,,,,,,,,,
,,,,,,,,,,,,,,,,,,,,,,,,,,,,
,,,,,,,,,,,,,,,,,,,,,,,,,,,,
,,,,,,,,,,,,,,,,,,,,,,,,,,,,
,,,,,,,,,,,,,,,,,,,,,,,,,,,,
,,,,,,,,,,,,,,,,,,,,,,,,,,,,
,,,,,,,,,,,,,,,,,,,,,,,,,,,,
,,,,,,,,,,,,,,,,,,,,,,,,,,,,
,,,,,,,,,,,,,,,,,,,,,,,,,,,,
,,,,,,,,,,,,,,,,,,,,,,,,,,,,
,,,,,,,,,,,,,,,,,,,,,,,,,,,,
,,,,,,,,,,,,,,,,,,,,,,,,,,,,
,,,,,,,,,,,,,,,,,,,,,,,,,,,,
,,,,,,,,,,,,,,,,,,,,,,,,,,,,
,,,,,,,,,,,,,,,,,,,,,,,,,,,,
,,,,,,,,,,,,,,,,,,,,,,,,,,,,
,,,,,,,,,,,,,,,,,,,,,,,,,,,,
,,,,,,,,,,,,,,,,,,,,,,,,,,,,
,,,,,,,,,,,,,,,,,,,,,,,,,,,,
,,,,,,,,,,,,,,,,,,,,,,,,,,,,
,,,,,,,,,,,,,,,,,,,,,,,,,,,,
,,,,,,,,,,,,,,,,,,,,,,,,,,,,
,,,,,,,,,,,,,,,,,,,,,,,,,,,,
,,,,,,,,,,,,,,,,,,,,,,,,,,,,
,,,,,,,,,,,,,,,,,,,,,,,,,,,,
,,,,,,,,,,,,,,,,,,,,,,,,,,,,
,,,,,,,,,,,,,,,,,,,,,,,,,,,,
,,,,,,,,,,,,,,,,,,,,,,,,,,,,
,,,,,,,,,,,,,,,,,,,,,,,,,,,,
,,,,,,,,,,,,,,,,,,,,,,,,,,,,
,,,,,,,,,,,,,,,,,,,,,,,,,,,,
,,,,,,,,,,,,,,,,,,,,,,,,,,,,
,,,,,,,,,,,,,,,,,,,,,,,,,,,,
,,,,,,,,,,,,,,,,,,,,,,,,,,,,
,,,,,,,,,,,,,,,,,,,,,,,,,,,,
,,,,,,,,,,,,,,,,,,,,,,,,,,,,
,,,,,,,,,,,,,,,,,,,,,,,,,,,,
,,,,,,,,,,,,,,,,,,,,,,,,,,,,
,,,,,,,,,,,,,,,,,,,,,,,,,,,,
,,,,,,,,,,,,,,,,,,,,,,,,,,,,
,,,,,,,,,,,,,,,,,,,,,,,,,,,,
,,,,,,,,,,,,,,,,,,,,,,,,,,,,
,,,,,,,,,,,,,,,,,,,,,,,,,,,,
,,,,,,,,,,,,,,,,,,,,,,,,,,,,
,,,,,,,,,,,,,,,,,,,,,,,,,,,,
,,,,,,,,,,,,,,,,,,,,,,,,,,,,
,,,,,,,,,,,,,,,,,,,,,,,,,,,,
,,,,,,,,,,,,,,,,,,,,,,,,,,,,
,,,,,,,,,,,,,,,,,,,,,,,,,,,,
,,,,,,,,,,,,,,,,,,,,,,,,,,,,
,,,,,,,,,,,,,,,,,,,,,,,,,,,,
,,,,,,,,,,,,,,,,,,,,,,,,,,,,
,,,,,,,,,,,,,,,,,,,,,,,,,,,,
,,,,,,,,,,,,,,,,,,,,,,,,,,,,
,,,,,,,,,,,,,,,,,,,,,,,,,,,,
,,,,,,,,,,,,,,,,,,,,,,,,,,,,
,,,,,,,,,,,,,,,,,,,,,,,,,,,,
,,,,,,,,,,,,,,,,,,,,,,,,,,,,
,,,,,,,,,,,,,,,,,,,,,,,,,,,,
,,,,,,,,,,,,,,,,,,,,,,,,,,,,
,,,,,,,,,,,,,,,,,,,,,,,,,,,,
,,,,,,,,,,,,,,,,,,,,,,,,,,,,
,,,,,,,,,,,,,,,,,,,,,,,,,,,,
,,,,,,,,,,,,,,,,,,,,,,,,,,,,
,,,,,,,,,,,,,,,,,,,,,,,,,,,,
,,,,,,,,,,,,,,,,,,,,,,,,,,,,
,,,,,,,,,,,,,,,,,,,,,,,,,,,,
,,,,,,,,,,,,,,,,,,,,,,,,,,,,
,,,,,,,,,,,,,,,,,,,,,,,,,,,,
,,,,,,,,,,,,,,,,,,,,,,,,,,,,
,,,,,,,,,,,,,,,,,,,,,,,,,,,,
,,,,,,,,,,,,,,,,,,,,,,,,,,,,
